MFCC Coef1,MFCC Coef2,MFCC Coef3,MFCC Coef4,MFCC Coef5,MFCC Coef6,MFCC Coef7,MFCC Coef8,MFCC Coef9,MFCC Coef10,MFCC Coef11,MFCC Coef12,MFCC Coef13,First delta1,First delta2,First delta3,First delta4,First delta5,First delta6,First delta7,First delta8,First delta9,First delta10,First delta11,First delta12,First delta13,Second delta1,Second delta2,Second delta3,Second delta4,Second delta5,Second delta6,Second delta7,Second delta8,Second delta9,Second delta10,Second delta11,Second delta12,Second delta13,voiced
30.370000000000001,-0.0,-35.479999999999997,0.0,39.109999999999999,0.0,-41.770000000000003,-0.0,46.090000000000003,-0.0,-49.020000000000003,0.0,54.369999999999997,-2.4200000000000017,0.0,1.6400000000000006,0.0,-0.59000000000000341,0.0,-0.59999999999999432,0.0,-0.010000000000005116,0.0,-0.53000000000000114,0.0,-1.1899999999999977,-3.3100000000000023,0.0,3.4699999999999918,0.0,-1.7800000000000011,0.0,2.0500000000000114,0.0,4.4799999999999969,0.0,-5.8799999999999955,0.0,-2.0,1.0
27.899999999999999,-0.0,-35.280000000000001,0.0,37.479999999999997,0.0,-43.409999999999997,-0.0,46.659999999999997,-0.0,-50.840000000000003,0.0,53.450000000000003,-2.7900000000000027,0.0,4.6899999999999977,0.0,-3.1799999999999997,0.0,-1.7099999999999937,0.0,2.509999999999998,0.0,-2.7299999999999969,0.0,-3.1099999999999994,1.5100000000000016,0.0,1.8100000000000023,0.0,1.0800000000000054,0.0,-0.26000000000001222,0.0,0.64000000000000767,0.0,0.39000000000000767,0.0,1.4599999999999937,1.0
27.579999999999998,-0.0,-30.789999999999999,0.0,35.93,0.0,-43.479999999999997,-0.0,48.600000000000001,-0.0,-51.75,0.0,51.259999999999998,-0.91000000000000014,0.0,3.4500000000000028,0.0,0.49000000000000199,0.0,-0.86000000000000654,0.0,0.63000000000000256,0.0,-0.13999999999999346,0.0,0.26999999999999602,6.0400000000000027,0.0,-9.9099999999999966,0.0,4.0,0.0,1.289999999999992,0.0,-4.4600000000000009,0.0,3.9499999999999957,0.0,6.6200000000000045,1.0
26.989999999999998,-0.0,-31.829999999999998,0.0,37.969999999999999,0.0,-44.270000000000003,-0.0,47.289999999999999,-0.0,-50.979999999999997,0.0,53.719999999999999,3.25,0.0,-5.2199999999999989,0.0,0.82000000000000028,0.0,-0.42000000000000171,0.0,-1.9500000000000028,0.0,1.2199999999999989,0.0,3.5100000000000051,4.8800000000000026,0.0,-6.6400000000000077,0.0,1.1700000000000017,0.0,2.8700000000000117,0.0,0.14999999999999858,0.0,-0.18000000000000682,0.0,1.0700000000000074,1.0
30.829999999999998,-0.0,-36.009999999999998,0.0,36.75,0.0,-43.899999999999999,-0.0,46.649999999999999,-0.0,-50.530000000000001,0.0,54.770000000000003,3.9700000000000024,0.0,-3.1900000000000048,0.0,1.6600000000000037,0.0,2.0100000000000051,0.0,0.78000000000000114,0.0,-0.32000000000000028,0.0,1.3400000000000034,-4.0599999999999987,0.0,5.7899999999999991,0.0,-0.049999999999997158,0.0,1.9100000000000037,0.0,3.0800000000000054,0.0,-1.8699999999999974,0.0,-4.1300000000000097,1.0
30.960000000000001,-0.0,-35.020000000000003,0.0,39.630000000000003,0.0,-42.259999999999998,-0.0,48.07,-0.0,-51.299999999999997,0.0,55.060000000000002,-0.80999999999999872,0.0,0.57000000000000028,0.0,0.77000000000000313,0.0,1.490000000000002,0.0,1.1300000000000026,0.0,-0.64999999999999858,0.0,-0.62000000000000455,-7.3000000000000043,0.0,4.5600000000000094,0.0,-7.2800000000000082,0.0,-1.7000000000000099,0.0,-0.67999999999999972,0.0,0.30999999999999517,0.0,-3.960000000000008,1.0
30.02,-0.0,-35.439999999999998,0.0,37.520000000000003,0.0,-42.409999999999997,-0.0,47.780000000000001,-0.0,-51.18,0.0,54.149999999999999,-3.3300000000000018,0.0,1.3700000000000045,0.0,-5.6200000000000045,0.0,0.30999999999999517,0.0,0.10000000000000142,0.0,-0.010000000000005116,0.0,-2.6200000000000045,0.57000000000000028,0.0,1.1299999999999955,0.0,-3.2700000000000031,0.0,0.079999999999991189,0.0,-1.3400000000000034,0.0,0.89999999999999858,0.0,-0.93999999999999062,1.0
27.629999999999999,-0.0,-33.649999999999999,0.0,34.009999999999998,0.0,-41.950000000000003,-0.0,48.170000000000002,-0.0,-51.310000000000002,0.0,52.439999999999998,-0.23999999999999844,0.0,1.6999999999999957,0.0,-2.5,0.0,1.5699999999999932,0.0,-0.21000000000000085,0.0,0.25,0.0,-1.5599999999999952,6.860000000000003,0.0,-1.5500000000000043,0.0,7.6900000000000048,0.0,-1.4899999999999949,0.0,1.519999999999996,0.0,-1.3099999999999952,0.0,3.9200000000000088,1.0
29.780000000000001,-0.0,-33.740000000000002,0.0,35.020000000000003,0.0,-40.840000000000003,-0.0,47.57,-0.0,-50.93,0.0,52.590000000000003,3.5300000000000011,0.0,-0.17999999999999972,0.0,2.0700000000000003,0.0,-1.1799999999999997,0.0,1.6199999999999974,0.0,-1.3200000000000003,0.0,1.3000000000000043,1.5699999999999967,0.0,-0.46999999999999176,0.0,5.3200000000000003,0.0,-4.2099999999999866,0.0,1.740000000000002,0.0,-2.1000000000000014,0.0,3.4499999999999886,1.0
31.16,-0.0,-33.829999999999998,0.0,36.079999999999998,0.0,-43.130000000000003,-0.0,49.789999999999999,-0.0,-52.630000000000003,0.0,53.740000000000002,1.3299999999999983,0.0,1.230000000000004,0.0,2.8200000000000003,0.0,-2.6399999999999935,0.0,1.5300000000000011,0.0,-1.8500000000000014,0.0,1.8899999999999935,-3.0600000000000023,0.0,-0.19000000000000483,0.0,0.80000000000000426,0.0,0.75,0.0,-3.529999999999994,0.0,1.8000000000000043,0.0,0.31999999999999318,1.0
31.109999999999999,-0.0,-32.509999999999998,0.0,37.840000000000003,0.0,-43.479999999999997,-0.0,49.100000000000001,-0.0,-52.780000000000001,0.0,54.479999999999997,0.46999999999999886,0.0,-0.37000000000000455,0.0,2.8700000000000045,0.0,-0.42999999999999972,0.0,-1.9099999999999966,0.0,0.48000000000000398,0.0,1.6199999999999974,-0.76999999999999602,0.0,-7.470000000000006,0.0,-1.730000000000004,0.0,2.9999999999999929,0.0,-3.5200000000000031,0.0,3.5300000000000011,0.0,0.010000000000012221,1.0
31.629999999999999,-0.0,-34.200000000000003,0.0,38.950000000000003,0.0,-43.560000000000002,-0.0,47.880000000000003,-0.0,-52.149999999999999,0.0,55.359999999999999,0.56000000000000227,0.0,-6.240000000000002,0.0,1.0899999999999963,0.0,0.35999999999999943,0.0,-1.990000000000002,0.0,1.6799999999999997,0.0,1.9000000000000057,-0.029999999999997584,0.0,-2.789999999999992,0.0,-4.4400000000000048,0.0,-0.17999999999999972,0.0,2.0099999999999909,0.0,-0.13000000000000256,0.0,-2.0,1.0
31.670000000000002,-0.0,-38.75,0.0,38.93,0.0,-43.119999999999997,-0.0,47.109999999999999,-0.0,-51.100000000000001,0.0,56.380000000000003,0.44000000000000128,0.0,-3.1599999999999966,0.0,-1.5700000000000003,0.0,-0.60999999999999943,0.0,0.099999999999994316,0.0,0.35000000000000142,0.0,-0.38000000000000256,-3.8100000000000023,0.0,9.1799999999999997,0.0,0.20000000000000284,0.0,-1.1499999999999986,0.0,2.6200000000000045,0.0,-1.6700000000000017,0.0,-3.3100000000000094,1.0
32.07,-0.0,-37.359999999999999,0.0,37.380000000000003,0.0,-44.170000000000002,-0.0,47.979999999999997,-0.0,-51.799999999999997,0.0,54.979999999999997,-3.25,0.0,2.9399999999999977,0.0,1.2899999999999991,0.0,-0.78999999999999915,0.0,0.63000000000000256,0.0,0.0099999999999980105,0.0,-1.4100000000000037,-4.7700000000000031,0.0,6.0899999999999963,0.0,2.4899999999999949,0.0,1.8500000000000014,0.0,-0.89999999999999147,0.0,0.33999999999999631,0.0,-0.4199999999999946,1.0
28.420000000000002,-0.0,-35.810000000000002,0.0,40.219999999999999,0.0,-43.909999999999997,-0.0,47.740000000000002,-0.0,-51.090000000000003,0.0,54.969999999999999,-4.3300000000000018,0.0,2.9299999999999997,0.0,0.9199999999999946,0.0,1.240000000000002,0.0,-0.79999999999999716,0.0,0.68999999999999773,0.0,-0.79999999999999716,2.4499999999999993,0.0,-2.019999999999996,0.0,0.66000000000000369,0.0,0.82999999999999829,0.0,-0.63000000000000256,0.0,-0.81999999999999318,0.0,1.6100000000000065,1.0
27.739999999999998,-0.0,-34.43,0.0,38.299999999999997,0.0,-42.93,-0.0,47.18,-0.0,-51.109999999999999,0.0,54.18,-0.80000000000000071,0.0,0.92000000000000171,0.0,1.9500000000000028,0.0,0.039999999999999147,0.0,0.0,0.0,-0.80999999999999517,0.0,0.20000000000000284,9.4100000000000037,0.0,-6.9399999999999977,0.0,2.220000000000006,0.0,-0.63000000000000256,0.0,0.78999999999999915,0.0,-0.60000000000000142,0.0,2.6199999999999974,1.0
27.620000000000001,-0.0,-34.890000000000001,0.0,42.170000000000002,0.0,-43.869999999999997,-0.0,47.740000000000002,-0.0,-51.899999999999999,0.0,55.170000000000002,5.0800000000000018,0.0,-4.009999999999998,0.0,3.1400000000000006,0.0,0.60999999999999943,0.0,-0.0099999999999980105,0.0,0.089999999999996305,0.0,1.8200000000000003,6.3699999999999974,0.0,-5.4100000000000037,0.0,-5.210000000000008,0.0,2.2100000000000009,0.0,-2.2100000000000009,0.0,3.8099999999999952,0.0,0.65999999999999659,1.0
32.82,-0.0,-38.439999999999998,0.0,41.439999999999998,0.0,-42.32,-0.0,47.170000000000002,-0.0,-51.020000000000003,0.0,56.0,5.5699999999999967,0.0,-4.490000000000002,0.0,-3.2600000000000051,0.0,2.25,0.0,-2.2100000000000009,0.0,3.0,0.0,0.85999999999999943,-8.4500000000000028,0.0,6.529999999999994,0.0,-5.5899999999999963,0.0,-1.3399999999999963,0.0,-0.95000000000000284,0.0,0.97000000000000597,0.0,-2.6000000000000014,1.0
33.189999999999998,-0.0,-39.380000000000003,0.0,38.909999999999997,0.0,-41.619999999999997,-0.0,45.530000000000001,-0.0,-48.899999999999999,0.0,56.030000000000001,-3.370000000000001,0.0,2.519999999999996,0.0,-2.4499999999999957,0.0,-0.72999999999999687,0.0,-0.96000000000000085,0.0,1.0600000000000023,0.0,-0.78000000000000114,-11.389999999999993,0.0,6.5500000000000043,0.0,3.2600000000000051,0.0,-4.9200000000000017,0.0,4.1099999999999994,0.0,-5.5,0.0,-1.3900000000000006,1.0
29.449999999999999,-0.0,-35.920000000000002,0.0,38.990000000000002,0.0,-43.049999999999997,-0.0,46.210000000000001,-0.0,-49.960000000000001,0.0,55.219999999999999,-5.8199999999999967,0.0,2.0600000000000023,0.0,0.0,0.0,-2.6700000000000017,0.0,1.8999999999999986,0.0,-2.5,0.0,-0.53000000000000114,2.9500000000000028,0.0,-6.1199999999999974,0.0,1.3499999999999943,0.0,0.86999999999999744,0.0,1.9500000000000028,0.0,-2.3700000000000045,0.0,0.84000000000000341,1.0
27.370000000000001,-0.0,-37.32,0.0,38.909999999999997,0.0,-44.289999999999999,-0.0,47.43,-0.0,-51.399999999999999,0.0,55.5,-0.41999999999999815,0.0,-3.6000000000000014,0.0,-1.1000000000000014,0.0,0.14000000000000057,0.0,0.99000000000000199,0.0,-1.3100000000000023,0.0,0.060000000000002274,8.5899999999999963,0.0,-3.0,0.0,-1.2899999999999991,0.0,3.730000000000004,0.0,-5.259999999999998,0.0,4.7800000000000011,0.0,-0.74000000000000199,1.0
29.030000000000001,-0.0,-39.520000000000003,0.0,37.890000000000001,0.0,-42.909999999999997,-0.0,47.200000000000003,-0.0,-51.270000000000003,0.0,55.280000000000001,2.7699999999999996,0.0,-0.93999999999999773,0.0,-1.2899999999999991,0.0,1.0600000000000023,0.0,-3.3599999999999994,0.0,2.2800000000000011,0.0,-1.2700000000000031,3.8699999999999939,0.0,6.3000000000000043,0.0,-0.46999999999999886,0.0,-1.1700000000000017,0.0,-4.6600000000000037,0.0,4.2500000000000071,0.0,-1.2000000000000028,1.0
30.140000000000001,-0.0,-38.259999999999998,0.0,37.619999999999997,0.0,-43.229999999999997,-0.0,44.07,-0.0,-49.119999999999997,0.0,54.229999999999997,3.4499999999999957,0.0,2.7000000000000028,0.0,-1.5700000000000003,0.0,-1.0300000000000011,0.0,-3.6700000000000017,0.0,2.9400000000000048,0.0,-1.1400000000000006,-0.80000000000000071,0.0,4.9799999999999969,0.0,2.2100000000000009,0.0,-0.43000000000000682,0.0,4.0600000000000023,0.0,-2.6400000000000006,0.0,1.2500000000000071,1.0
32.479999999999997,-0.0,-36.82,0.0,36.32,0.0,-43.939999999999998,-0.0,43.530000000000001,-0.0,-48.329999999999998,0.0,54.140000000000001,1.9699999999999989,0.0,4.0399999999999991,0.0,0.92000000000000171,0.0,0.62999999999999545,0.0,0.70000000000000284,0.0,-0.35999999999999943,0.0,-0.019999999999996021,-6.0499999999999936,0.0,-0.48000000000000398,0.0,6.1899999999999977,0.0,5.1099999999999994,0.0,7.6400000000000006,0.0,-5.9300000000000068,0.0,2.490000000000002,1.0
32.109999999999999,-0.0,-34.219999999999999,0.0,38.539999999999999,0.0,-42.600000000000001,-0.0,44.770000000000003,-0.0,-49.479999999999997,0.0,54.210000000000001,-2.5999999999999979,0.0,2.2199999999999989,0.0,4.6199999999999974,0.0,4.0799999999999983,0.0,3.9699999999999989,0.0,-2.990000000000002,0.0,1.3500000000000014,-7.6799999999999997,0.0,-4.240000000000002,0.0,2.4299999999999997,0.0,-0.32999999999999119,0.0,2.3899999999999935,0.0,-1.5700000000000003,0.0,1.5799999999999983,1.0
29.879999999999999,-0.0,-34.600000000000001,0.0,40.939999999999998,0.0,-39.859999999999999,-0.0,47.5,-0.0,-51.32,0.0,55.490000000000002,-5.7100000000000009,0.0,-0.20000000000000284,0.0,3.3500000000000014,0.0,0.30000000000000426,0.0,3.0899999999999963,0.0,-1.9299999999999997,0.0,1.5600000000000023,-0.19000000000000128,0.0,-2.0,0.0,-2.8299999999999983,0.0,-6.3900000000000006,0.0,-4.1099999999999994,0.0,3.2800000000000011,0.0,-1.0800000000000054,1.0
26.399999999999999,-0.0,-34.420000000000002,0.0,41.890000000000001,0.0,-42.299999999999997,-0.0,47.859999999999999,-0.0,-51.409999999999997,0.0,55.770000000000003,-2.7899999999999991,0.0,0.21999999999999886,0.0,1.7899999999999991,0.0,-2.3100000000000023,0.0,-0.14000000000000057,0.0,0.28999999999999915,0.0,0.26999999999999602,8.5200000000000031,0.0,0.43000000000000682,0.0,-5.8200000000000003,0.0,-1.7700000000000102,0.0,-3.5899999999999963,0.0,1.4399999999999977,0.0,-3.0700000000000074,1.0
27.09,-0.0,-34.380000000000003,0.0,42.729999999999997,0.0,-42.170000000000002,-0.0,47.359999999999999,-0.0,-51.030000000000001,0.0,55.759999999999998,2.8100000000000023,0.0,0.23000000000000398,0.0,-2.4699999999999989,0.0,-1.470000000000006,0.0,-0.5,0.0,-0.49000000000000199,0.0,-1.5100000000000051,7.1999999999999993,0.0,2.0300000000000011,0.0,-4.3599999999999994,0.0,3.1900000000000048,0.0,0.93999999999999773,0.0,-1.6999999999999957,0.0,-2.019999999999996,1.0
29.210000000000001,-0.0,-34.189999999999998,0.0,39.420000000000002,0.0,-43.770000000000003,-0.0,47.359999999999999,-0.0,-51.899999999999999,0.0,54.259999999999998,4.4100000000000001,0.0,2.25,0.0,-2.5700000000000003,0.0,0.88000000000000256,0.0,0.79999999999999716,0.0,-1.4099999999999966,0.0,-1.75,-1.9400000000000048,0.0,-0.64000000000000767,0.0,1.2399999999999949,0.0,3.6500000000000057,0.0,1.3599999999999994,0.0,-0.25,0.0,1.8200000000000074,1.0
31.5,-0.0,-32.130000000000003,0.0,40.159999999999997,0.0,-41.289999999999999,-0.0,48.159999999999997,-0.0,-52.439999999999998,0.0,54.009999999999998,0.86999999999999744,0.0,-0.41000000000000369,0.0,-1.230000000000004,0.0,2.1799999999999997,0.0,0.85999999999999943,0.0,-0.74000000000000199,0.0,0.31000000000000227,-8.2399999999999984,0.0,-7.3599999999999994,0.0,-0.92999999999999972,0.0,-2.0800000000000054,0.0,-1.9499999999999957,0.0,2.6499999999999915,0.0,2.8400000000000034,1.0
30.079999999999998,-0.0,-34.600000000000001,0.0,38.189999999999998,0.0,-41.590000000000003,-0.0,48.219999999999999,-0.0,-52.640000000000001,0.0,54.57,-3.8299999999999983,0.0,-5.1099999999999994,0.0,-3.5,0.0,-1.2000000000000028,0.0,-1.1499999999999986,0.0,1.2399999999999949,0.0,1.0900000000000034,-3.029999999999994,0.0,-1.4899999999999949,0.0,-2.1899999999999906,0.0,-2.6299999999999955,0.0,-4.0499999999999972,0.0,3.3400000000000034,0.0,-0.75,1.0
27.670000000000002,-0.0,-37.240000000000002,0.0,36.659999999999997,0.0,-42.490000000000002,-0.0,47.009999999999998,-0.0,-51.200000000000003,0.0,55.100000000000001,-2.1599999999999966,0.0,-1.8999999999999986,0.0,-3.4199999999999946,0.0,-0.44999999999999574,0.0,-3.1899999999999977,0.0,2.6000000000000014,0.0,-0.43999999999999773,8.4699999999999989,0.0,7.6200000000000045,0.0,3.3300000000000054,0.0,1.9300000000000068,0.0,-0.54999999999999716,0.0,7.1054273576010019e-15,0.0,-1.8400000000000034,1.0
27.920000000000002,-0.0,-36.5,0.0,34.770000000000003,0.0,-42.039999999999999,-0.0,45.030000000000001,-0.0,-50.039999999999999,0.0,54.130000000000003,4.6400000000000006,0.0,2.5100000000000051,0.0,-0.1699999999999946,0.0,0.73000000000000398,0.0,-1.6999999999999957,0.0,1.240000000000002,0.0,-0.75,9.7499999999999929,0.0,5.9699999999999989,0.0,7.7299999999999898,0.0,0.68999999999999773,0.0,3.5499999999999972,0.0,-2.3300000000000054,0.0,0.65999999999999659,1.0
32.310000000000002,-0.0,-34.729999999999997,0.0,36.490000000000002,0.0,-41.759999999999998,-0.0,45.310000000000002,-0.0,-49.960000000000001,0.0,54.350000000000001,7.5899999999999963,0.0,4.0700000000000003,0.0,4.3099999999999952,0.0,0.24000000000000199,0.0,0.35999999999999943,0.0,0.26999999999999602,0.0,0.21999999999999886,-5.230000000000004,0.0,-0.43000000000000682,0.0,2.1099999999999923,0.0,-2.230000000000004,0.0,1.7299999999999969,0.0,-0.45000000000000284,0.0,0.90999999999999659,1.0
35.509999999999998,-0.0,-32.43,0.0,39.079999999999998,0.0,-41.799999999999997,-0.0,45.390000000000001,-0.0,-49.770000000000003,0.0,54.350000000000001,-0.59000000000000341,0.0,2.0799999999999983,0.0,1.9399999999999977,0.0,-1.5,0.0,0.030000000000001137,0.0,0.78999999999999915,0.0,0.15999999999999659,-11.229999999999993,0.0,-8.1799999999999997,0.0,-4.9599999999999937,0.0,-3.980000000000004,0.0,-2.2800000000000011,0.0,1.3200000000000074,0.0,0.28000000000000114,1.0
31.719999999999999,-0.0,-32.649999999999999,0.0,38.43,0.0,-43.259999999999998,-0.0,45.340000000000003,-0.0,-49.170000000000002,0.0,54.509999999999998,-3.639999999999997,0.0,-4.1099999999999994,0.0,-0.64999999999999858,0.0,-3.740000000000002,0.0,-1.9200000000000017,0.0,1.5900000000000034,0.0,0.5,-0.89999999999999503,0.0,-4.6400000000000006,0.0,-1.75,0.0,-1.9100000000000037,0.0,-0.050000000000004263,0.0,-1.5899999999999963,0.0,-0.59999999999999432,1.0
31.870000000000001,-0.0,-36.539999999999999,0.0,38.43,0.0,-45.539999999999999,-0.0,43.469999999999999,-0.0,-48.18,0.0,54.850000000000001,-1.4899999999999984,0.0,-2.5600000000000023,0.0,0.18999999999999773,0.0,-3.4100000000000037,0.0,-0.020000000000003126,0.0,-0.79999999999999716,0.0,-0.43999999999999773,1.3599999999999959,0.0,6.9299999999999997,0.0,1.7199999999999989,0.0,4.230000000000004,0.0,4.8599999999999994,0.0,-4.1400000000000006,0.0,-1.009999999999998,1.0
30.23,-0.0,-35.210000000000001,0.0,38.619999999999997,0.0,-46.670000000000002,-0.0,45.32,-0.0,-49.969999999999999,0.0,54.07,-2.2800000000000011,0.0,2.8200000000000003,0.0,1.0700000000000003,0.0,0.49000000000000199,0.0,2.9399999999999977,0.0,-2.5499999999999972,0.0,-0.50999999999999801,2.4899999999999984,0.0,4.1200000000000045,0.0,-0.13999999999999346,0.0,10.370000000000005,0.0,0.94000000000000483,0.0,0.10999999999999943,0.0,0.28999999999999915,1.0
29.59,-0.0,-33.719999999999999,0.0,39.5,0.0,-45.049999999999997,-0.0,46.409999999999997,-0.0,-50.729999999999997,0.0,54.340000000000003,1.0,0.0,1.5600000000000023,0.0,0.050000000000004263,0.0,6.9600000000000009,0.0,0.92000000000000171,0.0,-0.68999999999999773,0.0,-0.14999999999999858,5.8900000000000041,0.0,-4.5399999999999991,0.0,-3.4600000000000009,0.0,2.9699999999999918,0.0,-3.0499999999999972,0.0,2.9099999999999966,0.0,-0.020000000000003126,1.0
31.23,-0.0,-33.649999999999999,0.0,38.670000000000002,0.0,-39.710000000000001,-0.0,46.240000000000002,-0.0,-50.659999999999997,0.0,53.920000000000002,3.610000000000003,0.0,-1.7199999999999989,0.0,-2.3900000000000006,0.0,3.4599999999999937,0.0,-0.10999999999999943,0.0,0.35999999999999943,0.0,-0.53000000000000114,0.40000000000000213,0.0,-4.1500000000000057,0.0,-0.24000000000000909,0.0,-9.9099999999999966,0.0,-0.52000000000000313,0.0,0.80999999999999517,0.0,1.1399999999999935,1.0
33.200000000000003,-0.0,-35.439999999999998,0.0,37.109999999999999,0.0,-41.590000000000003,-0.0,46.299999999999997,-0.0,-50.369999999999997,0.0,53.810000000000002,1.4000000000000021,0.0,-2.5900000000000034,0.0,-0.19000000000000483,0.0,-2.9499999999999957,0.0,0.39999999999999858,0.0,0.11999999999999744,0.0,0.98999999999999488,-6.1200000000000045,0.0,-0.87000000000000455,0.0,2.5700000000000003,0.0,-4.6399999999999935,0.0,0.17999999999999972,0.0,-0.070000000000000284,0.0,2.1799999999999997,1.0
32.630000000000003,-0.0,-36.240000000000002,0.0,38.479999999999997,0.0,-42.659999999999997,-0.0,46.640000000000001,-0.0,-50.539999999999999,0.0,54.909999999999997,-2.5100000000000016,0.0,-2.5900000000000034,0.0,0.17999999999999972,0.0,-1.1799999999999997,0.0,0.070000000000000284,0.0,0.28999999999999915,0.0,1.6499999999999986,-4.0600000000000058,0.0,2.9400000000000048,0.0,-0.49999999999999289,0.0,2.1599999999999895,0.0,-0.57000000000000028,0.0,0.45000000000000284,0.0,-0.40999999999998948,1.0
30.690000000000001,-0.0,-38.030000000000001,0.0,37.289999999999999,0.0,-42.770000000000003,-0.0,46.369999999999997,-0.0,-50.079999999999998,0.0,55.460000000000001,-2.6600000000000037,0.0,0.35000000000000142,0.0,-0.68999999999999773,0.0,-0.79000000000000625,0.0,-0.17000000000000171,0.0,0.57000000000000028,0.0,0.5800000000000054,-2.509999999999998,0.0,6.3100000000000023,0.0,2.3500000000000014,0.0,1.7000000000000028,0.0,0.010000000000005116,0.0,-0.77000000000000313,0.0,-2.2199999999999989,1.0
29.969999999999999,-0.0,-35.890000000000001,0.0,37.789999999999999,0.0,-43.450000000000003,-0.0,46.469999999999999,-0.0,-49.969999999999999,0.0,55.490000000000002,-5.0199999999999996,0.0,3.7199999999999989,0.0,2.5300000000000011,0.0,0.52000000000000313,0.0,0.0800000000000054,0.0,-0.48000000000000398,0.0,-0.57000000000000028,-0.80999999999999517,0.0,0.68999999999999773,0.0,2.1499999999999986,0.0,0.80000000000001137,0.0,0.38000000000000256,0.0,-2.0500000000000043,0.0,-1.6800000000000068,1.0
25.670000000000002,-0.0,-34.310000000000002,0.0,39.82,0.0,-42.25,-0.0,46.450000000000003,-0.0,-50.560000000000002,0.0,54.890000000000001,-3.4699999999999989,0.0,1.0399999999999991,0.0,1.4600000000000009,0.0,0.010000000000005116,0.0,0.21000000000000085,0.0,-1.480000000000004,0.0,-1.1000000000000014,7.7299999999999969,0.0,-5.75,0.0,-3.5700000000000003,0.0,-0.24000000000000199,0.0,-1.0900000000000105,0.0,0.75000000000000711,0.0,-0.46000000000000085,1.0
26.5,-0.0,-34.850000000000001,0.0,39.25,0.0,-43.439999999999998,-0.0,46.68,-0.0,-51.450000000000003,0.0,54.390000000000001,2.7099999999999973,0.0,-2.0300000000000011,0.0,-1.0399999999999991,0.0,0.28000000000000114,0.0,-1.0100000000000051,0.0,0.27000000000000313,0.0,-1.0300000000000011,5.2399999999999984,0.0,-3.6099999999999994,0.0,-3.6499999999999986,0.0,1.3799999999999955,0.0,-1.75,0.0,3.1000000000000085,0.0,1.3500000000000014,1.0
28.379999999999999,-0.0,-36.340000000000003,0.0,38.780000000000001,0.0,-41.969999999999999,-0.0,45.439999999999998,-0.0,-50.289999999999999,0.0,53.859999999999999,1.7699999999999996,0.0,-2.5700000000000003,0.0,-2.1899999999999977,0.0,1.3900000000000006,0.0,-1.5399999999999991,0.0,1.6200000000000045,0.0,0.25,-1.4399999999999977,0.0,2.2000000000000028,0.0,1.8699999999999974,0.0,-1.3100000000000023,0.0,-1.019999999999996,0.0,1.2899999999999991,0.0,3.1900000000000048,1.0
28.27,-0.0,-37.420000000000002,0.0,37.060000000000002,0.0,-42.049999999999997,-0.0,45.140000000000001,-0.0,-49.829999999999998,0.0,54.640000000000001,1.2699999999999996,0.0,0.17000000000000171,0.0,0.82999999999999829,0.0,-1.0300000000000011,0.0,-2.0300000000000011,0.0,1.5600000000000023,0.0,2.1600000000000037,-3.25,0.0,3.1700000000000017,0.0,4.6899999999999977,0.0,-2.7800000000000011,0.0,0.65999999999999659,0.0,-0.78000000000000824,0.0,0.39000000000000057,1.0
29.649999999999999,-0.0,-36.170000000000002,0.0,39.609999999999999,0.0,-43.0,-0.0,43.409999999999997,-0.0,-48.729999999999997,0.0,56.020000000000003,-1.4800000000000004,0.0,0.60000000000000142,0.0,2.5,0.0,-1.3900000000000006,0.0,-0.88000000000000256,0.0,0.83999999999999631,0.0,0.64000000000000057,1.0000000000000036,0.0,-0.79999999999999716,0.0,-5.259999999999998,0.0,0.82000000000000028,0.0,3.720000000000006,0.0,-1.5800000000000054,0.0,-4.8100000000000094,1.0
26.789999999999999,-0.0,-36.82,0.0,39.560000000000002,0.0,-43.439999999999998,-0.0,44.259999999999998,-0.0,-48.990000000000002,0.0,55.280000000000001,2.2700000000000031,0.0,-0.62999999999999545,0.0,-4.4299999999999997,0.0,-0.21000000000000085,0.0,1.6900000000000048,0.0,-0.020000000000003126,0.0,-2.6500000000000057,6.3100000000000023,0.0,1.2199999999999989,0.0,-10.120000000000001,0.0,1.3699999999999974,0.0,3.5300000000000011,0.0,-2.9299999999999926,0.0,-4.0399999999999991,1.0
31.920000000000002,-0.0,-36.799999999999997,0.0,35.18,0.0,-43.210000000000001,-0.0,45.100000000000001,-0.0,-48.75,0.0,53.369999999999997,4.8300000000000018,0.0,1.8200000000000003,0.0,-7.620000000000001,0.0,-0.020000000000003126,0.0,2.6499999999999986,0.0,-2.0899999999999963,0.0,-3.3999999999999986,-3.850000000000005,0.0,0.44999999999999574,0.0,3.740000000000002,0.0,0.56000000000000227,0.0,0.98999999999999488,0.0,-2.9799999999999969,0.0,2.1100000000000065,1.0
31.620000000000001,-0.0,-35.0,0.0,31.940000000000001,0.0,-43.460000000000001,-0.0,46.909999999999997,-0.0,-51.079999999999998,0.0,51.880000000000003,-1.5800000000000018,0.0,-0.17999999999999972,0.0,-0.68999999999999773,0.0,0.35000000000000142,0.0,2.6799999999999997,0.0,-3.0,0.0,-0.53999999999999915,-8.8700000000000045,0.0,-1.4699999999999989,0.0,12.630000000000003,0.0,0.0800000000000054,0.0,-2.4099999999999966,0.0,1.3099999999999952,0.0,4.9099999999999966,1.0
30.34,-0.0,-36.979999999999997,0.0,34.490000000000002,0.0,-42.859999999999999,-0.0,47.780000000000001,-0.0,-51.75,0.0,52.829999999999998,-4.0400000000000027,0.0,0.35000000000000142,0.0,5.0100000000000016,0.0,0.060000000000002274,0.0,0.24000000000000199,0.0,-0.78000000000000114,0.0,1.509999999999998,0.70000000000000284,0.0,-0.46000000000000085,0.0,3.3599999999999923,0.0,-0.26000000000000512,0.0,-4.5799999999999983,0.0,3.9200000000000017,0.0,3.4600000000000009,1.0
27.579999999999998,-0.0,-34.649999999999999,0.0,36.950000000000003,0.0,-43.399999999999999,-0.0,47.149999999999999,-0.0,-51.859999999999999,0.0,53.390000000000001,-0.87999999999999901,0.0,-0.64000000000000057,0.0,2.6699999999999946,0.0,0.089999999999996305,0.0,-1.8999999999999986,0.0,0.92000000000000171,0.0,2.9200000000000017,6.0000000000000036,0.0,-2.3400000000000034,0.0,-5.610000000000003,0.0,1.8899999999999935,0.0,-1.759999999999998,0.0,2.1700000000000017,0.0,0.80000000000000426,1.0
29.460000000000001,-0.0,-37.619999999999997,0.0,37.159999999999997,0.0,-42.770000000000003,-0.0,45.880000000000003,-0.0,-50.829999999999998,0.0,55.75,1.9600000000000009,0.0,-1.990000000000002,0.0,-0.60000000000000142,0.0,1.9499999999999957,0.0,-1.519999999999996,0.0,1.3900000000000006,0.0,2.3100000000000023,-0.81000000000000227,0.0,1.2399999999999949,0.0,-4.4099999999999895,0.0,0.54000000000000625,0.0,2.8899999999999935,0.0,-1.3800000000000026,0.0,-3.1600000000000037,1.0
29.539999999999999,-0.0,-36.640000000000001,0.0,36.350000000000001,0.0,-41.450000000000003,-0.0,45.630000000000003,-0.0,-50.469999999999999,0.0,55.700000000000003,-1.6900000000000013,0.0,0.59999999999999432,0.0,-1.7399999999999949,0.0,0.63000000000000256,0.0,0.98999999999999488,0.0,-0.46000000000000085,0.0,-0.24000000000000199,-0.079999999999998295,0.0,5.3000000000000043,0.0,-1.1599999999999966,0.0,-1.4699999999999918,0.0,2.4399999999999906,0.0,-2.3500000000000014,0.0,-4.5800000000000054,1.0
27.77,-0.0,-37.020000000000003,0.0,35.420000000000002,0.0,-42.140000000000001,-0.0,46.869999999999997,-0.0,-51.289999999999999,0.0,55.509999999999998,1.8800000000000026,0.0,3.3100000000000023,0.0,-1.759999999999998,0.0,0.48000000000000398,0.0,0.9199999999999946,0.0,-0.96000000000000085,0.0,-2.2700000000000031,5.7700000000000031,0.0,3.7000000000000099,0.0,1.279999999999994,0.0,-1.5,0.0,-2.2699999999999889,0.0,1.0799999999999983,0.0,-2.019999999999996,1.0
31.420000000000002,-0.0,-33.329999999999998,0.0,34.590000000000003,0.0,-40.969999999999999,-0.0,46.549999999999997,-0.0,-51.43,0.0,53.43,4.0800000000000018,0.0,4.3000000000000043,0.0,-0.46000000000000085,0.0,-0.86999999999999744,0.0,-1.279999999999994,0.0,0.61999999999999744,0.0,-2.259999999999998,0.11999999999999744,0.0,-3.6600000000000037,0.0,3.8399999999999963,0.0,-4.6200000000000045,0.0,-1.3099999999999952,0.0,1.3500000000000014,0.0,2.2600000000000051,1.0
31.850000000000001,-0.0,-32.719999999999999,0.0,34.960000000000001,0.0,-43.009999999999998,-0.0,45.590000000000003,-0.0,-50.670000000000002,0.0,53.25,2.0,0.0,-0.35000000000000142,0.0,2.0799999999999983,0.0,-4.1400000000000006,0.0,-0.39000000000000057,0.0,0.39000000000000057,0.0,-0.0099999999999980105,-4.4300000000000033,0.0,-7.5400000000000063,0.0,2.8400000000000034,0.0,0.26999999999999602,0.0,1.9399999999999906,0.0,-0.49999999999999289,0.0,3.6299999999999955,1.0
33.420000000000002,-0.0,-33.68,0.0,36.670000000000002,0.0,-45.109999999999999,-0.0,46.159999999999997,-0.0,-51.039999999999999,0.0,53.420000000000002,-0.35000000000000142,0.0,-3.240000000000002,0.0,2.3800000000000026,0.0,-0.60000000000000142,0.0,0.65999999999999659,0.0,0.12000000000000455,0.0,1.3699999999999974,-6.240000000000002,0.0,-2.4099999999999966,0.0,-0.84000000000000341,0.0,7.8699999999999974,0.0,-0.48999999999999488,0.0,1.2299999999999969,0.0,1.3299999999999983,1.0
31.5,-0.0,-35.960000000000001,0.0,37.340000000000003,0.0,-43.609999999999999,-0.0,46.25,-0.0,-50.549999999999997,0.0,54.619999999999997,-4.240000000000002,0.0,-2.759999999999998,0.0,1.2399999999999949,0.0,3.7299999999999969,0.0,-0.87999999999999545,0.0,1.6199999999999974,0.0,1.3200000000000003,0.71000000000000085,0.0,2.0300000000000011,0.0,-2.3100000000000094,0.0,3.0300000000000011,0.0,-2.8899999999999935,0.0,1.7999999999999901,0.0,-1.0599999999999952,1.0
29.18,-0.0,-36.439999999999998,0.0,37.909999999999997,0.0,-41.380000000000003,-0.0,45.280000000000001,-0.0,-49.420000000000002,0.0,54.740000000000002,0.35999999999999943,0.0,-1.2100000000000009,0.0,0.069999999999993179,0.0,2.4299999999999997,0.0,-2.2299999999999969,0.0,1.9199999999999946,0.0,0.31000000000000227,6.9500000000000028,0.0,3.9199999999999946,0.0,-0.32999999999999119,0.0,-4.5099999999999909,0.0,2.0499999999999972,0.0,-2.509999999999998,0.0,-2.3900000000000006,1.0
31.859999999999999,-0.0,-37.170000000000002,0.0,37.409999999999997,0.0,-41.18,-0.0,44.020000000000003,-0.0,-48.630000000000003,0.0,54.93,2.7100000000000009,0.0,1.1599999999999966,0.0,0.91000000000000369,0.0,-0.77999999999999403,0.0,1.1700000000000017,0.0,-0.89000000000000057,0.0,-1.0700000000000003,0.67000000000000171,0.0,3.730000000000004,0.0,1.4400000000000119,0.0,-3.4099999999999966,0.0,5.1599999999999966,0.0,-3.7999999999999901,0.0,-1.1799999999999997,1.0
31.890000000000001,-0.0,-35.280000000000001,0.0,38.82,0.0,-42.159999999999997,-0.0,46.450000000000003,-0.0,-50.310000000000002,0.0,53.670000000000002,1.0300000000000011,0.0,2.5200000000000031,0.0,1.5100000000000051,0.0,-0.97999999999999687,0.0,2.9299999999999997,0.0,-1.8799999999999955,0.0,-0.86999999999999744,-6.5400000000000027,0.0,-0.6699999999999946,0.0,1.3699999999999974,0.0,2.4499999999999886,0.0,-1.9500000000000028,0.0,1.1500000000000057,0.0,1.9299999999999997,1.0
32.890000000000001,-0.0,-34.649999999999999,0.0,38.920000000000002,0.0,-42.159999999999997,-0.0,46.950000000000003,-0.0,-50.509999999999998,0.0,54.060000000000002,-3.8300000000000018,0.0,0.49000000000000199,0.0,2.2800000000000011,0.0,1.6699999999999946,0.0,-0.78000000000000114,0.0,0.26000000000000512,0.0,0.85999999999999943,-8.7700000000000031,0.0,-2.0800000000000054,0.0,1.0099999999999909,0.0,2.4799999999999969,0.0,-4.8500000000000014,0.0,2.5099999999999909,0.0,0.82999999999999829,1.0
28.059999999999999,-0.0,-34.789999999999999,0.0,41.100000000000001,0.0,-40.490000000000002,-0.0,45.670000000000002,-0.0,-50.049999999999997,0.0,54.530000000000001,-7.740000000000002,0.0,0.43999999999999773,0.0,2.519999999999996,0.0,1.5,0.0,-1.9200000000000017,0.0,0.62999999999999545,0.0,-0.039999999999999147,4.6600000000000037,0.0,0.64999999999999858,0.0,-1.1900000000000048,0.0,-4.6399999999999935,0.0,1.1300000000000026,0.0,-0.69000000000000483,0.0,-0.78000000000000114,1.0
25.149999999999999,-0.0,-34.210000000000001,0.0,41.439999999999998,0.0,-40.659999999999997,-0.0,45.030000000000001,-0.0,-49.880000000000003,0.0,54.020000000000003,0.83000000000000185,0.0,1.1400000000000006,0.0,1.0899999999999963,0.0,-2.9699999999999989,0.0,0.35000000000000142,0.0,-0.42999999999999972,0.0,0.079999999999998295,14.880000000000003,0.0,-2.1799999999999997,0.0,-6.3799999999999955,0.0,-5.4100000000000037,0.0,2.0700000000000003,0.0,-0.40999999999998948,0.0,0.90999999999999659,1.0
28.890000000000001,-0.0,-33.649999999999999,0.0,42.189999999999998,0.0,-43.460000000000001,-0.0,46.020000000000003,-0.0,-50.479999999999997,0.0,54.609999999999999,7.1400000000000006,0.0,-1.740000000000002,0.0,-3.8599999999999994,0.0,-3.9100000000000037,0.0,0.14999999999999858,0.0,0.22000000000000597,0.0,0.86999999999999744,3.9699999999999953,0.0,-3.7100000000000009,0.0,-9.2599999999999909,0.0,1.6400000000000006,0.0,0.45999999999999375,0.0,0.18999999999999773,0.0,-0.19999999999999574,1.0
32.289999999999999,-0.0,-35.950000000000003,0.0,37.579999999999998,0.0,-44.57,-0.0,45.18,-0.0,-49.659999999999997,0.0,54.890000000000001,4.7999999999999972,0.0,-2.5700000000000003,0.0,-8.1699999999999946,0.0,-1.3299999999999983,0.0,0.80999999999999517,0.0,-0.24000000000000199,0.0,-0.11999999999999744,-7.2299999999999969,0.0,2.970000000000006,0.0,0.81000000000000227,0.0,6.6700000000000017,0.0,0.70000000000000284,0.0,-0.92000000000000881,0.0,-2.0799999999999983,1.0
33.689999999999998,-0.0,-36.219999999999999,0.0,34.020000000000003,0.0,-44.789999999999999,-0.0,46.829999999999998,-0.0,-50.719999999999999,0.0,54.490000000000002,-0.089999999999996305,0.0,1.230000000000004,0.0,-3.0499999999999972,0.0,2.759999999999998,0.0,0.85000000000000142,0.0,-0.70000000000000284,0.0,-1.2100000000000009,-7.2099999999999937,0.0,4.8200000000000003,0.0,7.5499999999999901,0.0,5.4600000000000009,0.0,-3.3599999999999923,0.0,2.0600000000000023,0.0,-0.72000000000000597,1.0
32.200000000000003,-0.0,-34.719999999999999,0.0,34.530000000000001,0.0,-41.810000000000002,-0.0,46.030000000000001,-0.0,-50.359999999999999,0.0,53.68,-2.4099999999999966,0.0,2.25,0.0,-0.62000000000000455,0.0,4.1300000000000026,0.0,-2.5499999999999972,0.0,1.8200000000000003,0.0,-0.84000000000000341,-1.5200000000000067,0.0,0.40999999999999659,0.0,5.0999999999999943,0.0,-4.529999999999994,0.0,-0.32000000000000028,0.0,0.16000000000000369,0.0,1.6300000000000026,1.0
31.280000000000001,-0.0,-33.969999999999999,0.0,33.399999999999999,0.0,-40.659999999999997,-0.0,44.280000000000001,-0.0,-48.899999999999999,0.0,53.649999999999999,-1.610000000000003,0.0,1.6400000000000006,0.0,2.0499999999999972,0.0,-1.769999999999996,0.0,0.53000000000000114,0.0,-0.53999999999999915,0.0,0.42000000000000171,-0.51000000000000512,0.0,-3.4299999999999997,0.0,7.0300000000000082,0.0,-9.0100000000000051,0.0,4.9699999999999989,0.0,-3.480000000000004,0.0,2.6400000000000077,1.0
30.59,-0.0,-33.079999999999998,0.0,36.579999999999998,0.0,-43.579999999999998,-0.0,46.560000000000002,-0.0,-50.899999999999999,0.0,54.100000000000001,-2.9200000000000017,0.0,-1.1799999999999997,0.0,6.4100000000000037,0.0,-4.8800000000000026,0.0,2.4200000000000017,0.0,-1.6600000000000037,0.0,1.8000000000000043,4.5500000000000043,0.0,-3.6799999999999997,0.0,0.17000000000000171,0.0,0.51999999999999602,0.0,-1.2600000000000051,0.0,1.75,0.0,0.69999999999999574,1.0
28.359999999999999,-0.0,-35.149999999999999,0.0,39.810000000000002,0.0,-45.539999999999999,-0.0,46.700000000000003,-0.0,-50.560000000000002,0.0,55.450000000000003,2.9400000000000013,0.0,-2.0399999999999991,0.0,2.2199999999999989,0.0,-1.25,0.0,-0.73000000000000398,0.0,1.2100000000000009,0.0,1.1199999999999974,6.0300000000000011,0.0,4.389999999999997,0.0,-8.210000000000008,0.0,4.5900000000000034,0.0,-1.7800000000000011,0.0,0.84000000000000341,0.0,-2.730000000000004,1.0
33.530000000000001,-0.0,-35.119999999999997,0.0,38.799999999999997,0.0,-44.829999999999998,-0.0,45.829999999999998,-0.0,-49.689999999999998,0.0,55.219999999999999,3.1099999999999994,0.0,3.2099999999999973,0.0,-1.8000000000000043,0.0,-0.28999999999999915,0.0,0.64000000000000057,0.0,-0.82000000000000028,0.0,-0.92999999999999972,-4.860000000000003,0.0,6.4599999999999973,0.0,-3.6899999999999977,0.0,3.6899999999999977,0.0,2.0100000000000051,0.0,-2.7000000000000028,0.0,-2.5899999999999963,1.0
31.469999999999999,-0.0,-31.940000000000001,0.0,38.009999999999998,0.0,-45.829999999999998,-0.0,47.340000000000003,-0.0,-51.380000000000003,0.0,54.520000000000003,-1.9200000000000017,0.0,4.4199999999999982,0.0,-1.4699999999999989,0.0,2.4399999999999977,0.0,1.2800000000000011,0.0,-1.490000000000002,0.0,-1.4699999999999989,-4.8499999999999979,0.0,-3.3599999999999994,0.0,1.5300000000000082,0.0,5.6599999999999966,0.0,-2.2800000000000011,0.0,2.4000000000000057,0.0,0.85999999999999943,1.0
31.609999999999999,-0.0,-30.699999999999999,0.0,37.329999999999998,0.0,-42.390000000000001,-0.0,47.109999999999999,-0.0,-51.18,0.0,53.75,-1.7399999999999984,0.0,-0.15000000000000213,0.0,-0.26999999999999602,0.0,5.3699999999999974,0.0,-1.6400000000000006,0.0,1.5800000000000054,0.0,-0.070000000000000284,1.0000000000000036,0.0,-6.769999999999996,0.0,0.66000000000000369,0.0,0.94000000000000483,0.0,-2.1899999999999977,0.0,2.5399999999999991,0.0,1.2100000000000009,1.0
29.73,-0.0,-32.090000000000003,0.0,37.740000000000002,0.0,-40.460000000000001,-0.0,45.700000000000003,-0.0,-49.799999999999997,0.0,54.450000000000003,-0.91999999999999815,0.0,-2.3499999999999979,0.0,-0.80999999999999517,0.0,3.3800000000000026,0.0,-0.90999999999999659,0.0,1.0499999999999972,0.0,-0.25999999999999801,2.1799999999999997,0.0,-0.81999999999999673,0.0,0.50999999999999091,0.0,-6.4199999999999946,0.0,3.4499999999999957,0.0,-3.720000000000006,0.0,-1.2000000000000028,1.0
30.690000000000001,-0.0,-33.049999999999997,0.0,36.520000000000003,0.0,-39.009999999999998,-0.0,46.200000000000003,-0.0,-50.130000000000003,0.0,53.490000000000002,0.44000000000000128,0.0,-0.96999999999999886,0.0,0.23999999999999488,0.0,-1.0499999999999972,0.0,1.8099999999999952,0.0,-2.1400000000000006,0.0,-1.2700000000000031,1.3099999999999952,0.0,0.86999999999999389,0.0,1.1299999999999955,0.0,-7.5900000000000034,0.0,2.9799999999999969,0.0,-2.8799999999999955,0.0,1.1499999999999986,1.0
30.170000000000002,-0.0,-33.060000000000002,0.0,37.979999999999997,0.0,-41.509999999999998,-0.0,47.509999999999998,-0.0,-51.939999999999998,0.0,53.18,0.38999999999999702,0.0,-1.480000000000004,0.0,0.32000000000000028,0.0,-4.2100000000000009,0.0,2.0700000000000003,0.0,-1.8299999999999983,0.0,0.89000000000000057,0.75999999999999801,0.0,-0.53000000000000114,0.0,-2.0999999999999943,0.0,-0.56000000000000227,0.0,-1.3599999999999923,0.0,2.259999999999998,0.0,1.970000000000006,1.0
31.079999999999998,-0.0,-34.530000000000001,0.0,36.840000000000003,0.0,-43.219999999999999,-0.0,48.270000000000003,-0.0,-51.960000000000001,0.0,54.380000000000003,1.1999999999999993,0.0,-1.5,0.0,-1.8599999999999994,0.0,-1.6099999999999994,0.0,0.45000000000000284,0.0,0.11999999999999744,0.0,0.70000000000000284,1.4400000000000013,0.0,0.57000000000000739,0.0,0.93999999999999773,0.0,4.5700000000000003,0.0,-3.470000000000006,0.0,2.3900000000000006,0.0,-0.55000000000000426,1.0
31.370000000000001,-0.0,-34.560000000000002,0.0,36.119999999999997,0.0,-43.119999999999997,-0.0,47.960000000000001,-0.0,-51.82,0.0,53.880000000000003,1.8299999999999983,0.0,-0.90999999999999659,0.0,1.259999999999998,0.0,0.35999999999999943,0.0,-1.4000000000000057,0.0,0.56000000000000227,0.0,0.33999999999999631,-0.52000000000000313,0.0,4.1400000000000006,0.0,3.7199999999999989,0.0,0.30999999999999517,0.0,-1.970000000000006,0.0,0.81000000000000227,0.0,-0.79000000000000625,1.0
32.909999999999997,-0.0,-35.439999999999998,0.0,38.100000000000001,0.0,-42.859999999999999,-0.0,46.869999999999997,-0.0,-51.399999999999999,0.0,54.719999999999999,0.67999999999999616,0.0,2.6400000000000006,0.0,1.8599999999999994,0.0,-1.3000000000000043,0.0,-1.5200000000000031,0.0,0.92999999999999972,0.0,-0.090000000000003411,-2.779999999999994,0.0,3.3999999999999915,0.0,1.4699999999999989,0.0,-0.63000000000000256,0.0,-1.4399999999999906,0.0,1.5399999999999991,0.0,0.090000000000003411,1.0
32.049999999999997,-0.0,-31.920000000000002,0.0,37.979999999999997,0.0,-44.420000000000002,-0.0,46.439999999999998,-0.0,-50.890000000000001,0.0,53.789999999999999,-0.94999999999999574,0.0,2.4899999999999949,0.0,2.7299999999999969,0.0,-0.27000000000000313,0.0,-2.8399999999999963,0.0,2.1000000000000014,0.0,0.42999999999999972,-4.3299999999999947,0.0,-4.0700000000000003,0.0,0.85000000000000142,0.0,6.0100000000000051,0.0,1.990000000000002,0.0,-1.0399999999999991,0.0,0.86000000000000654,1.0
31.960000000000001,-0.0,-32.950000000000003,0.0,40.829999999999998,0.0,-43.130000000000003,-0.0,44.030000000000001,-0.0,-49.299999999999997,0.0,55.149999999999999,-3.6499999999999986,0.0,-1.4299999999999997,0.0,2.7100000000000009,0.0,4.7100000000000009,0.0,0.46999999999999886,0.0,-0.10999999999999943,0.0,0.77000000000000313,3.3599999999999923,0.0,-2.7499999999999929,0.0,-1.3199999999999932,0.0,3.5200000000000031,0.0,6.1599999999999966,0.0,-3.730000000000004,0.0,-0.030000000000001137,1.0
28.399999999999999,-0.0,-33.350000000000001,0.0,40.689999999999998,0.0,-39.710000000000001,-0.0,46.909999999999997,-0.0,-51.0,0.0,54.560000000000002,2.4099999999999966,0.0,-0.25999999999999801,0.0,1.4100000000000037,0.0,3.25,0.0,3.3200000000000003,0.0,-1.6300000000000026,0.0,0.39999999999999858,9.7199999999999989,0.0,1.2800000000000011,0.0,-2.740000000000002,0.0,-6.6400000000000006,0.0,-3.8599999999999923,0.0,3.4200000000000017,0.0,-0.36000000000000654,1.0
34.369999999999997,-0.0,-33.210000000000001,0.0,42.240000000000002,0.0,-39.880000000000003,-0.0,47.350000000000001,-0.0,-50.93,0.0,55.549999999999997,6.0700000000000003,0.0,-0.14999999999999858,0.0,-0.030000000000001137,0.0,-1.9299999999999997,0.0,-3.3899999999999935,0.0,3.3100000000000023,0.0,0.40999999999999659,-5.9599999999999937,0.0,-0.12000000000000455,0.0,-5.5600000000000023,0.0,-5.9799999999999969,0.0,-4.5500000000000043,0.0,2.3800000000000026,0.0,-2.279999999999994,1.0
34.469999999999999,-0.0,-33.5,0.0,40.659999999999997,0.0,-41.640000000000001,-0.0,43.520000000000003,-0.0,-47.689999999999998,0.0,54.969999999999999,-3.5499999999999972,0.0,-0.38000000000000256,0.0,-4.1499999999999986,0.0,-2.7299999999999969,0.0,-1.230000000000004,0.0,0.75,0.0,-1.8799999999999955,-9.5999999999999979,0.0,-0.41000000000000369,0.0,-5.4399999999999977,0.0,1.5900000000000034,0.0,8.0699999999999932,0.0,-7.6300000000000026,0.0,-2.4499999999999957,1.0
30.82,-0.0,-33.590000000000003,0.0,38.090000000000003,0.0,-42.609999999999999,-0.0,46.119999999999997,-0.0,-50.18,0.0,53.670000000000002,-3.5299999999999976,0.0,-0.56000000000000227,0.0,-5.4699999999999989,0.0,-0.33999999999999631,0.0,4.6799999999999997,0.0,-4.3200000000000003,0.0,-2.0399999999999991,0.42999999999999616,0.0,-0.73999999999999488,0.0,0.63999999999999346,0.0,3.5999999999999943,0.0,1.5700000000000074,0.0,-1.25,0.0,0.74999999999999289,1.0
30.940000000000001,-0.0,-34.060000000000002,0.0,35.189999999999998,0.0,-41.979999999999997,-0.0,48.200000000000003,-0.0,-52.009999999999998,0.0,52.93,-3.120000000000001,0.0,-1.1199999999999974,0.0,-3.5100000000000051,0.0,0.86999999999999744,0.0,0.34000000000000341,0.0,-0.5,0.0,-1.1300000000000026,3.2799999999999976,0.0,-2.2299999999999969,0.0,6.8599999999999994,0.0,-0.97000000000000597,0.0,-7.5300000000000011,0.0,6.0700000000000003,0.0,3.1499999999999986,1.0
27.699999999999999,-0.0,-34.710000000000001,0.0,34.579999999999998,0.0,-41.740000000000002,-0.0,46.460000000000001,-0.0,-50.68,0.0,52.539999999999999,-0.25,0.0,-2.7899999999999991,0.0,1.3900000000000006,0.0,-1.3100000000000023,0.0,-2.8500000000000014,0.0,1.75,0.0,1.1099999999999994,8.8100000000000023,0.0,0.0,0.0,4.8100000000000094,0.0,-1.7099999999999937,0.0,-1.8500000000000014,0.0,0.89999999999999858,0.0,2.6500000000000057,1.0
30.690000000000001,-0.0,-36.850000000000001,0.0,36.579999999999998,0.0,-43.289999999999999,-0.0,45.350000000000001,-0.0,-50.259999999999998,0.0,54.039999999999999,5.6900000000000013,0.0,-1.1199999999999974,0.0,1.3000000000000043,0.0,-0.83999999999999631,0.0,-1.509999999999998,0.0,0.39999999999999858,0.0,1.5200000000000031,5.0899999999999999,0.0,5.5200000000000031,0.0,-1.4600000000000009,0.0,1.4600000000000009,0.0,3.5,0.0,-1.6600000000000037,0.0,-0.83999999999999631,1.0
33.390000000000001,-0.0,-35.829999999999998,0.0,35.880000000000003,0.0,-42.579999999999998,-0.0,44.950000000000003,-0.0,-50.280000000000001,0.0,54.060000000000002,4.8399999999999999,0.0,2.730000000000004,0.0,-0.070000000000000284,0.0,0.14999999999999858,0.0,0.64999999999999858,0.0,0.089999999999996305,0.0,0.27000000000000313,-4.6500000000000021,0.0,3.529999999999994,0.0,1.9299999999999926,0.0,0.019999999999996021,0.0,2.5999999999999943,0.0,-0.14999999999999858,0.0,-0.71000000000000796,1.0
35.530000000000001,-0.0,-34.119999999999997,0.0,36.509999999999998,0.0,-43.140000000000001,-0.0,46.0,-0.0,-50.170000000000002,0.0,54.310000000000002,1.0399999999999991,0.0,2.4099999999999966,0.0,3.2299999999999969,0.0,-0.82000000000000028,0.0,1.0899999999999963,0.0,0.25,0.0,0.80999999999999517,-8.6099999999999994,0.0,-4.7700000000000031,0.0,3.4500000000000028,0.0,-0.89999999999999858,0.0,-1.4499999999999957,0.0,0.99000000000000199,0.0,1.6299999999999955,1.0
34.43,-0.0,-33.420000000000002,0.0,39.109999999999999,0.0,-43.399999999999999,-0.0,46.039999999999999,-0.0,-50.030000000000001,0.0,54.869999999999997,-3.7699999999999996,0.0,-2.0399999999999991,0.0,3.3800000000000026,0.0,-0.75,0.0,-0.79999999999999716,0.0,1.0799999999999983,0.0,1.8999999999999986,-10.239999999999998,0.0,-1.9499999999999957,0.0,-4.3799999999999955,0.0,2.8299999999999983,0.0,0.5800000000000054,0.0,-1.7100000000000009,0.0,-0.94999999999999574,1.0
31.760000000000002,-0.0,-36.159999999999997,0.0,39.890000000000001,0.0,-43.890000000000001,-0.0,45.200000000000003,-0.0,-49.090000000000003,0.0,56.210000000000001,-9.1999999999999993,0.0,0.46000000000000085,0.0,-1.1499999999999986,0.0,2.009999999999998,0.0,1.6700000000000017,0.0,-1.4600000000000009,0.0,-0.14000000000000057,-0.38000000000000256,0.0,4.3999999999999986,0.0,-3.7000000000000028,0.0,4.5,0.0,2.779999999999994,0.0,-2.9199999999999946,0.0,-3.490000000000002,1.0
25.23,-0.0,-32.960000000000001,0.0,37.960000000000001,0.0,-41.390000000000001,-0.0,47.710000000000001,-0.0,-51.490000000000002,0.0,54.729999999999997,-4.1500000000000021,0.0,2.3599999999999994,0.0,-0.32000000000000028,0.0,3.75,0.0,1.9799999999999969,0.0,-1.8399999999999963,0.0,-1.5900000000000034,12.549999999999997,0.0,-6.1799999999999997,0.0,1.2100000000000009,0.0,-0.71999999999999886,0.0,-1.9299999999999997,0.0,1.8100000000000023,0.0,1.1200000000000045,1.0
27.609999999999999,-0.0,-33.799999999999997,0.0,39.57,0.0,-40.140000000000001,-0.0,47.18,-0.0,-50.93,0.0,54.619999999999997,3.3499999999999979,0.0,-5.7199999999999989,0.0,0.060000000000002274,0.0,1.2899999999999991,0.0,-0.25999999999999801,0.0,0.35000000000000142,0.0,0.98000000000000398,9.5000000000000036,0.0,-6.5399999999999991,0.0,-7.8399999999999999,0.0,-3.6099999999999994,0.0,-1.4699999999999989,0.0,1.1399999999999935,0.0,0.79000000000000625,1.0
28.579999999999998,-0.0,-38.68,0.0,38.020000000000003,0.0,-40.100000000000001,-0.0,47.450000000000003,-0.0,-51.140000000000001,0.0,55.710000000000001,5.3500000000000014,0.0,-4.1799999999999997,0.0,-8.1600000000000001,0.0,0.14000000000000057,0.0,0.50999999999999801,0.0,-0.70000000000000284,0.0,-0.79999999999999716,1.7900000000000027,0.0,8.6700000000000017,0.0,-3.3900000000000077,0.0,-2.7800000000000011,0.0,0.64999999999999858,0.0,-0.81000000000000227,0.0,-2.4000000000000057,1.0
32.960000000000001,-0.0,-37.979999999999997,0.0,31.41,0.0,-40.0,-0.0,47.689999999999998,-0.0,-51.630000000000003,0.0,53.82,5.1400000000000006,0.0,2.9500000000000028,0.0,-3.3300000000000054,0.0,-1.490000000000002,0.0,0.39000000000000057,0.0,-0.46000000000000085,0.0,-1.4200000000000017,-7.4600000000000009,0.0,8.5699999999999932,0.0,12.020000000000003,0.0,-0.43999999999999773,0.0,-1.5699999999999932,0.0,1.460000000000008,0.0,0.47999999999999687,1.0
33.719999999999999,-0.0,-35.729999999999997,0.0,34.689999999999998,0.0,-41.590000000000003,-0.0,47.840000000000003,-0.0,-51.600000000000001,0.0,54.289999999999999,-2.1099999999999994,0.0,4.3899999999999935,0.0,3.860000000000003,0.0,-0.29999999999999716,0.0,-1.0599999999999952,0.0,0.76000000000000512,0.0,-0.32000000000000028,-11.48,0.0,1.0099999999999945,0.0,5.1400000000000077,0.0,1.3500000000000085,0.0,-1.0400000000000063,0.0,0.92000000000000171,0.0,0.60000000000000142,1.0
30.850000000000001,-0.0,-33.590000000000003,0.0,35.270000000000003,0.0,-40.299999999999997,-0.0,46.630000000000003,-0.0,-50.869999999999997,0.0,53.5,-6.3399999999999999,0.0,3.9599999999999973,0.0,1.8100000000000023,0.0,-0.13999999999999346,0.0,-0.65000000000000568,0.0,0.46000000000000085,0.0,-0.82000000000000028,-4.240000000000002,0.0,-4.3399999999999892,0.0,-3.6300000000000061,0.0,-1.5400000000000063,0.0,3.7099999999999937,0.0,-2.3800000000000097,0.0,-0.40999999999999659,1.0
27.379999999999999,-0.0,-31.77,0.0,36.5,0.0,-41.729999999999997,-0.0,47.189999999999998,-0.0,-51.140000000000001,0.0,53.469999999999999,-6.3500000000000014,0.0,0.050000000000004263,0.0,0.22999999999999687,0.0,-1.8400000000000034,0.0,2.6499999999999986,0.0,-1.6200000000000045,0.0,-0.72999999999999687,8.120000000000001,0.0,-5.3999999999999986,0.0,-2.6700000000000017,0.0,-0.29000000000000625,0.0,2.5500000000000114,0.0,-1.8400000000000034,0.0,0.57000000000000028,1.0
24.5,-0.0,-33.539999999999999,0.0,35.5,0.0,-42.140000000000001,-0.0,49.280000000000001,-0.0,-52.490000000000002,0.0,52.770000000000003,1.7800000000000011,0.0,-1.4400000000000013,0.0,-0.85999999999999943,0.0,-0.42999999999999972,0.0,1.9000000000000057,0.0,-1.3800000000000026,0.0,-0.25,11.790000000000003,0.0,0.82999999999999829,0.0,2.1400000000000006,0.0,2.5200000000000031,0.0,-3.4200000000000017,0.0,1.8700000000000045,0.0,1.5499999999999972,1.0
29.16,-0.0,-33.210000000000001,0.0,35.640000000000001,0.0,-42.159999999999997,-0.0,49.090000000000003,-0.0,-52.520000000000003,0.0,53.219999999999999,5.4400000000000013,0.0,0.88000000000000256,0.0,2.3699999999999974,0.0,0.67999999999999972,0.0,-0.77000000000000313,0.0,0.25,0.0,0.82000000000000028,-4.0600000000000023,0.0,4.6300000000000026,0.0,3.269999999999996,0.0,1.9299999999999997,0.0,-2.720000000000006,0.0,1.6100000000000065,0.0,0.18999999999999773,1.0
29.940000000000001,-0.0,-32.659999999999997,0.0,37.869999999999997,0.0,-41.460000000000001,-0.0,48.509999999999998,-0.0,-52.240000000000002,0.0,53.590000000000003,-2.2800000000000011,0.0,3.1900000000000013,0.0,2.4099999999999966,0.0,1.5,0.0,-0.82000000000000028,0.0,0.23000000000000398,0.0,-0.060000000000002274,-7.2100000000000009,0.0,-0.59000000000000341,0.0,-3.2199999999999918,0.0,-0.11999999999999744,0.0,0.5800000000000054,0.0,-0.47999999999999687,0.0,-0.11000000000000654,1.0
26.879999999999999,-0.0,-30.02,0.0,38.049999999999997,0.0,-40.659999999999997,-0.0,48.270000000000003,-0.0,-52.289999999999999,0.0,53.159999999999997,-1.7699999999999996,0.0,0.28999999999999915,0.0,-0.84999999999999432,0.0,0.56000000000000227,0.0,-0.18999999999999773,0.0,-0.22999999999999687,0.0,0.70999999999999375,6.2200000000000024,0.0,-5.4400000000000048,0.0,-4.6099999999999923,0.0,-4.230000000000004,0.0,-0.91000000000000369,0.0,0.93999999999999773,0.0,1.8900000000000077,1.0
28.170000000000002,-0.0,-32.369999999999997,0.0,37.020000000000003,0.0,-40.899999999999999,-0.0,48.32,-0.0,-52.469999999999999,0.0,54.299999999999997,3.9400000000000013,0.0,-2.2500000000000036,0.0,-2.1999999999999957,0.0,-2.730000000000004,0.0,-1.730000000000004,0.0,1.1700000000000017,0.0,1.8300000000000054,8.5599999999999987,0.0,-1.3400000000000034,0.0,-1.2700000000000102,0.0,-2.7700000000000031,0.0,-2.1500000000000057,0.0,1.8699999999999974,0.0,-0.31999999999999318,1.0
30.82,-0.0,-32.270000000000003,0.0,35.850000000000001,0.0,-43.390000000000001,-0.0,46.539999999999999,-0.0,-51.119999999999997,0.0,54.990000000000002,6.7899999999999991,0.0,-1.0500000000000043,0.0,-2.1200000000000045,0.0,-2.2100000000000009,0.0,-2.3400000000000034,0.0,1.6400000000000006,0.0,0.39000000000000057,0.58999999999999986,0.0,-3.409999999999993,0.0,3.7399999999999949,0.0,3.8300000000000054,0.0,-0.92999999999999261,0.0,1.1399999999999935,0.0,-1.0000000000000071,1.0
34.960000000000001,-0.0,-33.420000000000002,0.0,34.899999999999999,0.0,-43.109999999999999,-0.0,45.979999999999997,-0.0,-50.829999999999998,0.0,54.689999999999998,4.5300000000000011,0.0,-5.6599999999999966,0.0,1.5399999999999991,0.0,1.1000000000000014,0.0,-2.6599999999999966,0.0,2.3099999999999952,0.0,0.82999999999999829,-12.559999999999999,0.0,-2.6599999999999966,0.0,5.720000000000006,0.0,4.0,0.0,1.6700000000000088,0.0,-0.49000000000000199,0.0,-0.43999999999999773,1.0
35.350000000000001,-0.0,-37.93,0.0,37.390000000000001,0.0,-42.289999999999999,-0.0,43.880000000000003,-0.0,-48.810000000000002,0.0,55.82,-5.7699999999999996,0.0,-3.7100000000000009,0.0,3.6000000000000014,0.0,1.7899999999999991,0.0,-0.6699999999999946,0.0,1.1499999999999986,0.0,-0.049999999999997158,-13.510000000000002,0.0,5.2899999999999991,0.0,0.24000000000000199,0.0,-1.8900000000000006,0.0,5.4399999999999906,0.0,-3.8099999999999952,0.0,-1.2199999999999989,1.0
29.190000000000001,-0.0,-37.130000000000003,0.0,38.5,0.0,-41.32,-0.0,45.310000000000002,-0.0,-49.68,0.0,54.640000000000001,-8.9800000000000004,0.0,-0.36999999999999744,0.0,1.7800000000000011,0.0,-0.78999999999999915,0.0,2.779999999999994,0.0,-1.5,0.0,-0.39000000000000057,5.8599999999999994,0.0,4.1800000000000068,0.0,-4.230000000000004,0.0,-0.25,0.0,3.8599999999999923,0.0,-3.75,0.0,0.44999999999999574,1.0
26.370000000000001,-0.0,-38.299999999999997,0.0,39.170000000000002,0.0,-43.079999999999998,-0.0,46.659999999999997,-0.0,-50.310000000000002,0.0,55.43,0.089999999999999858,0.0,0.47000000000000597,0.0,-0.63000000000000256,0.0,1.5399999999999991,0.0,3.1899999999999977,0.0,-2.6000000000000014,0.0,0.39999999999999858,11.489999999999998,0.0,6.7099999999999937,0.0,-4.470000000000006,0.0,4.279999999999994,0.0,-0.78999999999999204,0.0,-0.28000000000000114,0.0,-1.1400000000000006,1.0
29.280000000000001,-0.0,-36.659999999999997,0.0,37.869999999999997,0.0,-39.780000000000001,-0.0,48.5,-0.0,-52.280000000000001,0.0,55.039999999999999,2.509999999999998,0.0,6.3399999999999963,0.0,-2.6900000000000048,0.0,3.4899999999999949,0.0,1.990000000000002,0.0,-1.7800000000000011,0.0,-1.5300000000000011,0.50999999999999801,0.0,2.4499999999999886,0.0,-1.9499999999999957,0.0,-2.7399999999999949,0.0,-2.1799999999999997,0.0,1.7600000000000051,0.0,-2.2199999999999989,1.0
28.879999999999999,-0.0,-31.960000000000001,0.0,36.479999999999997,0.0,-39.590000000000003,-0.0,48.649999999999999,-0.0,-52.090000000000003,0.0,53.899999999999999,0.59999999999999787,0.0,2.9199999999999946,0.0,-2.5799999999999983,0.0,-1.1999999999999957,0.0,1.009999999999998,0.0,-0.83999999999999631,0.0,-1.8200000000000003,-0.60999999999999588,0.0,-8.9599999999999937,0.0,1.5200000000000102,0.0,-4.8399999999999892,0.0,-1.3800000000000026,0.0,0.90000000000000568,0.0,0.46000000000000085,1.0
29.879999999999999,-0.0,-33.740000000000002,0.0,35.289999999999999,0.0,-40.979999999999997,-0.0,49.509999999999998,-0.0,-53.119999999999997,0.0,53.219999999999999,1.9000000000000021,0.0,-2.6199999999999974,0.0,-1.1699999999999946,0.0,-1.3499999999999943,0.0,0.60999999999999943,0.0,-0.87999999999999545,0.0,-1.0700000000000003,-2.019999999999996,0.0,-4.5499999999999901,0.0,5.5499999999999972,0.0,1.6299999999999955,0.0,-0.32999999999999829,0.0,0.49999999999999289,0.0,2.0,1.0
30.780000000000001,-0.0,-34.579999999999998,0.0,35.310000000000002,0.0,-40.939999999999998,-0.0,49.259999999999998,-0.0,-52.969999999999999,0.0,52.829999999999998,-1.4199999999999982,0.0,-1.6299999999999955,0.0,2.9699999999999989,0.0,0.42999999999999972,0.0,0.67999999999999972,0.0,-0.34000000000000341,0.0,0.17999999999999972,-1.5400000000000027,0.0,3.7099999999999937,0.0,2.7599999999999909,0.0,3.1499999999999915,0.0,-1.3200000000000003,0.0,1.6499999999999915,0.0,1.8200000000000003,1.0
28.460000000000001,-0.0,-35.369999999999997,0.0,38.259999999999998,0.0,-40.549999999999997,-0.0,50.189999999999998,-0.0,-53.460000000000001,0.0,53.399999999999999,0.35999999999999943,0.0,1.0899999999999963,0.0,1.5899999999999963,0.0,1.7999999999999972,0.0,-0.71000000000000085,0.0,0.76999999999999602,0.0,0.75,4.879999999999999,0.0,5.8999999999999915,0.0,-3.4399999999999977,0.0,-2.1500000000000057,0.0,-3.6799999999999997,0.0,3.2500000000000071,0.0,-0.17000000000000171,1.0
31.140000000000001,-0.0,-33.490000000000002,0.0,36.899999999999999,0.0,-39.140000000000001,-0.0,48.549999999999997,-0.0,-52.200000000000003,0.0,53.579999999999998,3.4600000000000009,0.0,4.269999999999996,0.0,-0.46999999999999886,0.0,-1.720000000000006,0.0,-3.0,0.0,2.9100000000000037,0.0,0.0099999999999980105,1.5499999999999972,0.0,0.090000000000003411,0.0,0.25000000000000711,0.0,-5.9899999999999949,0.0,-1.0499999999999972,0.0,0.60000000000000853,0.0,0.27000000000000313,1.0
31.920000000000002,-0.0,-31.100000000000001,0.0,37.789999999999999,0.0,-42.270000000000003,-0.0,47.189999999999998,-0.0,-50.549999999999997,0.0,53.409999999999997,1.9099999999999966,0.0,1.1799999999999997,0.0,1.8400000000000034,0.0,-4.1899999999999977,0.0,-1.759999999999998,0.0,1.3700000000000045,0.0,1.0200000000000031,-3.9300000000000033,0.0,-6.8799999999999955,0.0,2.5300000000000011,0.0,-1.9599999999999937,0.0,2.3599999999999994,0.0,-2.720000000000006,0.0,1.5300000000000082,1.0
33.049999999999997,-0.0,-32.310000000000002,0.0,38.740000000000002,0.0,-43.329999999999998,-0.0,46.789999999999999,-0.0,-50.829999999999998,0.0,54.600000000000001,-0.47000000000000242,0.0,-2.6099999999999994,0.0,2.0600000000000023,0.0,-3.6799999999999997,0.0,-0.64000000000000057,0.0,0.18999999999999773,0.0,1.5400000000000063,-5.0699999999999932,0.0,-4.259999999999998,0.0,-0.60000000000000853,0.0,3.0999999999999943,0.0,1.5499999999999972,0.0,-0.88000000000000966,0.0,-0.5800000000000054,1.0
31.449999999999999,-0.0,-33.710000000000001,0.0,39.850000000000001,0.0,-45.950000000000003,-0.0,46.549999999999997,-0.0,-50.359999999999999,0.0,54.950000000000003,-3.1599999999999966,0.0,-3.0799999999999983,0.0,1.2399999999999949,0.0,-1.0900000000000034,0.0,-0.21000000000000085,0.0,0.48999999999999488,0.0,0.43999999999999773,-1.139999999999997,0.0,0.96000000000000085,0.0,-3.3700000000000045,0.0,5.3900000000000006,0.0,-0.78999999999999915,0.0,0.88000000000000256,0.0,-1.8600000000000065,1.0
29.890000000000001,-0.0,-35.390000000000001,0.0,39.979999999999997,0.0,-44.420000000000002,-0.0,46.579999999999998,-0.0,-50.340000000000003,0.0,55.039999999999999,-1.6099999999999994,0.0,-1.6499999999999986,0.0,-1.3100000000000023,0.0,1.7100000000000009,0.0,-1.4299999999999997,0.0,1.0700000000000003,0.0,-0.32000000000000028,5.8399999999999963,0.0,2.6999999999999957,0.0,-5.3199999999999932,0.0,1.460000000000008,0.0,0.12000000000000455,0.0,-1.1199999999999903,0.0,-0.82999999999999829,1.0
29.84,-0.0,-35.359999999999999,0.0,38.539999999999999,0.0,-44.240000000000002,-0.0,45.119999999999997,-0.0,-49.289999999999999,0.0,54.630000000000003,2.6799999999999997,0.0,-0.38000000000000256,0.0,-4.0799999999999983,0.0,0.37000000000000455,0.0,-0.089999999999996305,0.0,-0.62999999999999545,0.0,-0.39000000000000057,2.9100000000000001,0.0,1.0899999999999963,0.0,-1.1099999999999994,0.0,-0.46999999999999886,0.0,2.0200000000000031,0.0,-2.2000000000000028,0.0,0.099999999999994316,1.0
32.57,-0.0,-35.770000000000003,0.0,35.899999999999999,0.0,-44.049999999999997,-0.0,46.490000000000002,-0.0,-50.969999999999999,0.0,54.649999999999999,1.3000000000000007,0.0,-0.56000000000000227,0.0,-2.4200000000000017,0.0,1.240000000000002,0.0,0.59000000000000341,0.0,-1.1300000000000026,0.0,-0.22000000000000597,-5.3399999999999999,0.0,-2.6199999999999974,0.0,6.3399999999999963,0.0,2.8799999999999955,0.0,-0.87000000000000455,0.0,1.4699999999999918,0.0,2.1799999999999997,1.0
31.140000000000001,-0.0,-35.920000000000002,0.0,36.119999999999997,0.0,-43.0,-0.0,45.710000000000001,-0.0,-50.420000000000002,0.0,54.409999999999997,-2.6600000000000001,0.0,-3.0,0.0,2.259999999999998,0.0,3.25,0.0,-0.96000000000000085,0.0,0.83999999999999631,0.0,1.7899999999999991,-2.3900000000000006,0.0,-2.4099999999999966,0.0,2.3900000000000077,0.0,-0.99000000000000199,0.0,-0.36000000000000654,0.0,0.69000000000000483,0.0,1.1700000000000088,1.0
29.91,-0.0,-38.770000000000003,0.0,38.159999999999997,0.0,-40.799999999999997,-0.0,45.530000000000001,-0.0,-50.130000000000003,0.0,56.439999999999998,-1.0899999999999999,0.0,-2.9699999999999989,0.0,-0.029999999999994031,0.0,0.25,0.0,0.22999999999999687,0.0,-0.43999999999999773,0.0,0.95000000000000284,2.3200000000000003,0.0,3.470000000000006,0.0,-3.8099999999999952,0.0,-6.6500000000000057,0.0,0.53999999999999915,0.0,-0.90999999999999659,0.0,-3.1699999999999946,1.0
30.050000000000001,-0.0,-38.890000000000001,0.0,36.090000000000003,0.0,-42.75,-0.0,45.939999999999998,-0.0,-50.859999999999999,0.0,55.359999999999999,-0.33999999999999986,0.0,0.47000000000000597,0.0,-1.5499999999999972,0.0,-3.4000000000000057,0.0,-0.42000000000000171,0.0,-0.070000000000000284,0.0,-1.3799999999999955,2.4399999999999977,0.0,6.4600000000000009,0.0,1.0599999999999881,0.0,-1.2100000000000009,0.0,-0.46999999999999176,0.0,0.83999999999999631,0.0,-1.5,1.0
29.57,-0.0,-38.299999999999997,0.0,36.609999999999999,0.0,-44.200000000000003,-0.0,45.109999999999999,-0.0,-50.200000000000003,0.0,55.060000000000002,1.3499999999999979,0.0,3.490000000000002,0.0,1.029999999999994,0.0,-0.96000000000000085,0.0,-0.23999999999999488,0.0,0.39999999999999858,0.0,-0.54999999999999716,3.7200000000000024,0.0,3.8099999999999881,0.0,2.1799999999999997,0.0,5.5800000000000054,0.0,2.0100000000000051,0.0,-0.53999999999999915,0.0,0.74999999999999289,1.0
31.399999999999999,-0.0,-35.399999999999999,0.0,37.119999999999997,0.0,-43.710000000000001,-0.0,45.700000000000003,-0.0,-50.460000000000001,0.0,54.810000000000002,3.3800000000000026,0.0,4.279999999999994,0.0,0.63000000000000256,0.0,2.1799999999999997,0.0,1.5900000000000034,0.0,-0.60999999999999943,0.0,-0.63000000000000256,0.34000000000000696,0.0,-1.9200000000000017,0.0,-0.75999999999999091,0.0,1.7800000000000011,0.0,0.70999999999999375,0.0,-0.89000000000000057,0.0,-0.16000000000000369,1.0
32.950000000000003,-0.0,-34.020000000000003,0.0,37.240000000000002,0.0,-42.020000000000003,-0.0,46.700000000000003,-0.0,-50.810000000000002,0.0,54.43,1.6900000000000048,0.0,1.5700000000000003,0.0,0.27000000000000313,0.0,0.82000000000000028,0.0,0.46999999999999886,0.0,-0.49000000000000199,0.0,-0.71000000000000085,-3.210000000000008,0.0,-3.4899999999999878,0.0,0.48999999999999488,0.0,-5.0399999999999991,0.0,-0.50000000000000711,0.0,-0.46999999999999886,0.0,0.30000000000000426,1.0
33.090000000000003,-0.0,-33.829999999999998,0.0,37.390000000000001,0.0,-42.890000000000001,-0.0,46.170000000000002,-0.0,-50.950000000000003,0.0,54.100000000000001,0.1699999999999946,0.0,0.79000000000000625,0.0,1.1199999999999974,0.0,-2.8599999999999994,0.0,1.0899999999999963,0.0,-1.0799999999999983,0.0,-0.32999999999999829,-3.3600000000000065,0.0,0.15999999999999659,0.0,2.0699999999999932,0.0,-2.8299999999999983,0.0,0.61999999999999744,0.0,0.28000000000000824,0.0,0.45000000000000284,1.0
33.119999999999997,-0.0,-33.229999999999997,0.0,38.359999999999999,0.0,-44.880000000000003,-0.0,47.789999999999999,-0.0,-51.890000000000001,0.0,54.100000000000001,-1.6700000000000017,0.0,1.7299999999999969,0.0,2.3399999999999963,0.0,-2.009999999999998,0.0,1.0899999999999963,0.0,-0.20999999999999375,0.0,-0.25999999999999801,-4.4699999999999918,0.0,-1.7800000000000082,0.0,0.44000000000000483,0.0,3.2899999999999991,0.0,-0.12999999999999545,0.0,0.62999999999999545,0.0,0.72999999999999687,1.0
31.420000000000002,-0.0,-32.100000000000001,0.0,39.729999999999997,0.0,-44.899999999999999,-0.0,47.259999999999998,-0.0,-51.159999999999997,0.0,53.840000000000003,-4.2999999999999972,0.0,-0.99000000000000199,0.0,1.5600000000000023,0.0,0.42999999999999972,0.0,0.96000000000000085,0.0,-0.45000000000000284,0.0,0.39999999999999858,0.71000000000000085,0.0,-3.8999999999999986,0.0,-2.5999999999999943,0.0,2.3499999999999943,0.0,-1.2499999999999929,0.0,0.11999999999999034,0.0,0.55999999999999517,1.0
28.82,-0.0,-34.219999999999999,0.0,39.920000000000002,0.0,-44.450000000000003,-0.0,48.75,-0.0,-52.340000000000003,0.0,54.5,-0.96000000000000085,0.0,-2.1700000000000017,0.0,-0.25999999999999801,0.0,0.33999999999999631,0.0,-0.15999999999999659,0.0,-0.090000000000003411,0.0,0.29999999999999716,6.2999999999999972,0.0,-0.049999999999997158,0.0,-1.4500000000000028,0.0,1.0300000000000011,0.0,-2.6899999999999977,0.0,1.3800000000000097,0.0,-0.51999999999999602,1.0
30.460000000000001,-0.0,-34.270000000000003,0.0,39.469999999999999,0.0,-44.560000000000002,-0.0,47.100000000000001,-0.0,-51.25,0.0,54.140000000000001,2.0,0.0,-1.0399999999999991,0.0,0.10999999999999943,0.0,1.4600000000000009,0.0,-1.7299999999999969,0.0,0.93000000000000682,0.0,-0.11999999999999744,0.71000000000000085,0.0,-0.049999999999997158,0.0,-0.35999999999999943,0.0,0.75000000000000711,0.0,-0.20000000000000284,0.0,0.19000000000000483,0.0,-0.19999999999999574,1.0
30.82,-0.0,-35.259999999999998,0.0,40.030000000000001,0.0,-42.990000000000002,-0.0,47.020000000000003,-0.0,-51.409999999999997,0.0,54.380000000000003,-0.25,0.0,-2.2199999999999989,0.0,-0.61999999999999744,0.0,1.0900000000000034,0.0,-0.35999999999999943,0.0,0.10000000000000142,0.0,0.10000000000000142,-4.4299999999999997,0.0,-0.30000000000000426,0.0,-2.8800000000000026,0.0,-1.3599999999999994,0.0,-0.16000000000000369,0.0,1.0199999999999889,0.0,0.31999999999999318,1.0
30.210000000000001,-0.0,-36.490000000000002,0.0,38.850000000000001,0.0,-43.469999999999999,-0.0,46.740000000000002,-0.0,-51.149999999999999,0.0,54.240000000000002,-2.4299999999999997,0.0,-1.3400000000000034,0.0,-2.7700000000000031,0.0,0.10000000000000142,0.0,-1.8900000000000006,0.0,1.9499999999999957,0.0,0.19999999999999574,1.0700000000000003,0.0,6.0900000000000034,0.0,0.14999999999999858,0.0,-0.39000000000000767,0.0,-1.5700000000000003,0.0,1.8999999999999986,0.0,0.10999999999999943,1.0
28.390000000000001,-0.0,-36.600000000000001,0.0,37.259999999999998,0.0,-42.890000000000001,-0.0,45.130000000000003,-0.0,-49.460000000000001,0.0,54.579999999999998,0.82000000000000028,0.0,3.8700000000000045,0.0,-0.46999999999999886,0.0,0.69999999999999574,0.0,-1.9299999999999997,0.0,2.0,0.0,0.21000000000000085,6.5499999999999972,0.0,3.9200000000000017,0.0,4.8600000000000065,0.0,0.21000000000000085,0.0,2.769999999999996,0.0,-2.9299999999999926,0.0,0.30000000000000426,1.0
31.030000000000001,-0.0,-32.619999999999997,0.0,38.380000000000003,0.0,-42.770000000000003,-0.0,44.810000000000002,-0.0,-49.149999999999999,0.0,54.450000000000003,4.1199999999999974,0.0,2.5799999999999983,0.0,2.0900000000000034,0.0,0.31000000000000227,0.0,0.87999999999999545,0.0,-0.97999999999999687,0.0,0.5,0.029999999999997584,0.0,-3.6300000000000097,0.0,1.8199999999999932,0.0,3.3700000000000045,0.0,4.1199999999999974,0.0,-4.5399999999999991,0.0,0.059999999999995168,1.0
32.509999999999998,-0.0,-34.020000000000003,0.0,39.350000000000001,0.0,-42.579999999999998,-0.0,46.009999999999998,-0.0,-50.439999999999998,0.0,55.079999999999998,0.84999999999999787,0.0,0.23999999999999488,0.0,1.3499999999999943,0.0,4.0700000000000003,0.0,2.1899999999999977,0.0,-2.5399999999999991,0.0,0.26999999999999602,-3.4399999999999977,0.0,-0.35999999999999588,0.0,-2.5900000000000034,0.0,1.1099999999999994,0.0,0.56000000000000938,0.0,-0.64000000000000767,0.0,-0.23999999999999488,1.0
31.879999999999999,-0.0,-32.380000000000003,0.0,39.729999999999997,0.0,-38.700000000000003,-0.0,47.0,-0.0,-51.689999999999998,0.0,54.719999999999999,0.67999999999999972,0.0,2.2200000000000024,0.0,-0.5,0.0,1.4200000000000017,0.0,1.4400000000000048,0.0,-1.6200000000000045,0.0,0.26000000000000512,-1.0599999999999952,0.0,-0.8399999999999892,0.0,-4.289999999999992,0.0,-8.0,0.0,-1.9199999999999946,0.0,2.8899999999999935,0.0,-0.17999999999999261,1.0
33.189999999999998,-0.0,-31.800000000000001,0.0,38.850000000000001,0.0,-41.159999999999997,-0.0,47.450000000000003,-0.0,-52.060000000000002,0.0,55.340000000000003,-0.2099999999999973,0.0,-0.59999999999999432,0.0,-2.9399999999999977,0.0,-3.9299999999999997,0.0,0.27000000000000313,0.0,0.34999999999999432,0.0,0.090000000000003411,-3.0999999999999979,0.0,-6.3700000000000045,0.0,-3.6499999999999986,0.0,-2.1900000000000048,0.0,-5.3000000000000043,0.0,4.960000000000008,0.0,-0.82000000000000739,1.0
31.670000000000002,-0.0,-32.979999999999997,0.0,36.789999999999999,0.0,-42.630000000000003,-0.0,47.270000000000003,-0.0,-51.340000000000003,0.0,54.810000000000002,-2.4199999999999982,0.0,-4.1500000000000021,0.0,-4.1499999999999986,0.0,-0.77000000000000313,0.0,-3.8599999999999994,0.0,3.3400000000000034,0.0,-0.56000000000000227,-4.0000000000000036,0.0,-2.7500000000000071,0.0,1.2800000000000011,0.0,6.0,0.0,-4.0400000000000063,0.0,2.6700000000000088,0.0,-0.74000000000000909,1.0
30.77,-0.0,-35.950000000000003,0.0,34.700000000000003,0.0,-41.93,-0.0,43.590000000000003,-0.0,-48.719999999999999,0.0,54.780000000000001,-4.2100000000000009,0.0,-3.3500000000000014,0.0,-1.6599999999999966,0.0,2.0700000000000003,0.0,-3.7700000000000031,0.0,3.0200000000000031,0.0,-0.65000000000000568,4.2100000000000009,0.0,5.4100000000000072,0.0,4.8499999999999943,0.0,1.9400000000000048,0.0,4.3299999999999983,0.0,-3.210000000000008,0.0,0.60999999999999943,1.0
27.460000000000001,-0.0,-36.329999999999998,0.0,35.130000000000003,0.0,-40.560000000000002,-0.0,43.5,-0.0,-48.32,0.0,54.159999999999997,1.7900000000000027,0.0,1.2600000000000051,0.0,0.69999999999999574,0.0,1.1700000000000017,0.0,0.46999999999999886,0.0,0.12999999999999545,0.0,0.049999999999997158,10.0,0.0,6.3800000000000026,0.0,-0.10000000000000853,0.0,-4.1599999999999966,0.0,6.8500000000000014,0.0,-5.3100000000000023,0.0,0.22000000000000597,1.0
32.560000000000002,-0.0,-34.689999999999998,0.0,35.399999999999999,0.0,-40.759999999999998,-0.0,44.060000000000002,-0.0,-48.590000000000003,0.0,54.829999999999998,5.7899999999999991,0.0,3.0300000000000011,0.0,-1.7600000000000051,0.0,-2.0899999999999963,0.0,3.0799999999999983,0.0,-2.2899999999999991,0.0,-0.42999999999999972,-6.5300000000000047,0.0,-0.67000000000000881,0.0,-1.6199999999999974,0.0,-2.7800000000000011,0.0,2.5399999999999991,0.0,-2.7199999999999918,0.0,-1.8499999999999943,1.0
33.25,-0.0,-33.299999999999997,0.0,33.369999999999997,0.0,-42.649999999999999,-0.0,46.579999999999998,-0.0,-50.609999999999999,0.0,53.729999999999997,-4.740000000000002,0.0,0.58999999999999631,0.0,-0.92000000000000171,0.0,-1.6099999999999994,0.0,3.009999999999998,0.0,-2.5899999999999963,0.0,-1.7999999999999972,-10.52,0.0,-3.9200000000000017,0.0,3.8100000000000094,0.0,1.9999999999999929,0.0,-2.8699999999999974,0.0,1.7199999999999989,0.0,0.040000000000006253,1.0
27.82,-0.0,-34.100000000000001,0.0,34.479999999999997,0.0,-42.369999999999997,-0.0,47.07,-0.0,-51.18,0.0,53.030000000000001,-4.7300000000000004,0.0,-0.89000000000000057,0.0,2.0500000000000043,0.0,-0.090000000000003411,0.0,0.21000000000000085,0.0,-0.57000000000000028,0.0,-0.38999999999999346,5.4700000000000024,0.0,-0.87999999999999545,0.0,1.1700000000000017,0.0,1.3099999999999952,0.0,-4.3599999999999994,0.0,3.4599999999999937,0.0,1.4399999999999977,1.0
28.52,-0.0,-34.189999999999998,0.0,35.420000000000002,0.0,-42.740000000000002,-0.0,46.789999999999999,-0.0,-51.18,0.0,53.340000000000003,0.73000000000000043,0.0,-0.28999999999999915,0.0,0.25,0.0,-0.30000000000000426,0.0,-1.3500000000000014,0.0,0.86999999999999744,0.0,-0.35999999999999943,6.1799999999999997,0.0,1.509999999999998,0.0,-0.64000000000000767,0.0,0.13000000000000256,0.0,0.75,0.0,0.10999999999999943,0.0,0.63999999999999346,1.0
28.550000000000001,-0.0,-34.390000000000001,0.0,34.729999999999997,0.0,-42.670000000000002,-0.0,45.719999999999999,-0.0,-50.310000000000002,0.0,52.670000000000002,1.4499999999999993,0.0,0.61999999999999744,0.0,1.4099999999999966,0.0,0.039999999999999147,0.0,0.96000000000000085,0.0,-0.46000000000000085,0.0,0.25,0.92999999999999972,0.0,4.5599999999999987,0.0,3.5600000000000023,0.0,1.460000000000008,0.0,4.5900000000000034,0.0,-2.8999999999999986,0.0,1.2100000000000009,1.0
29.969999999999999,-0.0,-33.57,0.0,36.829999999999998,0.0,-42.700000000000003,-0.0,47.75,-0.0,-51.640000000000001,0.0,53.590000000000003,1.6600000000000001,0.0,4.2699999999999996,0.0,3.8100000000000023,0.0,1.1600000000000037,0.0,3.240000000000002,0.0,-2.0300000000000011,0.0,0.85000000000000142,-0.59999999999999787,0.0,-0.4199999999999946,0.0,-1.7499999999999929,0.0,-0.17999999999999972,0.0,0.13000000000000256,0.0,-0.39999999999999858,0.0,-0.28000000000000114,1.0
30.210000000000001,-0.0,-30.120000000000001,0.0,38.539999999999999,0.0,-41.509999999999998,-0.0,48.960000000000001,-0.0,-52.340000000000003,0.0,53.520000000000003,0.85000000000000142,0.0,0.20000000000000284,0.0,-0.33999999999999631,0.0,-0.14000000000000057,0.0,1.0900000000000034,0.0,-0.85999999999999943,0.0,-0.030000000000001137,-1.1600000000000001,0.0,-7.8500000000000014,0.0,-4.9699999999999989,0.0,-1.8600000000000065,0.0,-4.7700000000000031,0.0,2.980000000000004,0.0,-0.060000000000002274,1.0
30.82,-0.0,-33.369999999999997,0.0,36.490000000000002,0.0,-42.840000000000003,-0.0,48.840000000000003,-0.0,-52.5,0.0,53.560000000000002,0.5,0.0,-3.5800000000000018,0.0,-1.1599999999999966,0.0,-0.70000000000000284,0.0,-1.5300000000000011,0.0,0.95000000000000284,0.0,0.78999999999999915,-1.120000000000001,0.0,-3.480000000000004,0.0,3.4799999999999969,0.0,1.8900000000000006,0.0,-2.6800000000000068,0.0,1.9399999999999977,0.0,1.5799999999999983,1.0
30.710000000000001,-0.0,-33.700000000000003,0.0,37.380000000000003,0.0,-42.210000000000001,-0.0,47.43,-0.0,-51.390000000000001,0.0,54.310000000000002,-0.26999999999999957,0.0,-3.2800000000000011,0.0,3.1400000000000006,0.0,1.75,0.0,-1.5900000000000034,0.0,1.0799999999999983,0.0,1.5499999999999972,0.21999999999999886,0.0,-1.3699999999999939,0.0,2.9499999999999957,0.0,3.7700000000000031,0.0,-0.079999999999998295,0.0,0.070000000000000284,0.0,0.10999999999999943,1.0
30.550000000000001,-0.0,-36.649999999999999,0.0,39.630000000000003,0.0,-41.090000000000003,-0.0,47.25,-0.0,-51.420000000000002,0.0,55.109999999999999,0.71999999999999886,0.0,-4.9499999999999957,0.0,1.7899999999999991,0.0,3.0700000000000003,0.0,-1.6099999999999994,0.0,1.0200000000000031,0.0,0.89999999999999858,0.87999999999999901,0.0,1.5700000000000003,0.0,-2.0100000000000051,0.0,-1.3799999999999955,0.0,-1.8499999999999943,0.0,1.6100000000000065,0.0,-0.20999999999999375,1.0
31.43,-0.0,-38.649999999999999,0.0,39.170000000000002,0.0,-39.140000000000001,-0.0,45.82,-0.0,-50.369999999999997,0.0,55.210000000000001,0.60999999999999943,0.0,-1.7100000000000009,0.0,1.1299999999999955,0.0,0.37000000000000455,0.0,-3.4399999999999977,0.0,2.6900000000000048,0.0,1.3400000000000034,-2.3499999999999979,0.0,7.8499999999999943,0.0,-0.88000000000000256,0.0,-5.7999999999999972,0.0,-2.6199999999999974,0.0,2.769999999999996,0.0,0.14999999999999858,1.0
31.16,-0.0,-38.359999999999999,0.0,40.759999999999998,0.0,-40.719999999999999,-0.0,43.810000000000002,-0.0,-48.729999999999997,0.0,56.450000000000003,-1.629999999999999,0.0,2.8999999999999986,0.0,0.90999999999999659,0.0,-2.7299999999999969,0.0,-4.2299999999999969,0.0,3.7899999999999991,0.0,1.0499999999999972,-4.6400000000000006,0.0,5.259999999999998,0.0,-3.9299999999999926,0.0,-2.9900000000000091,0.0,5.1199999999999974,0.0,-4.5700000000000074,0.0,-2.8400000000000034,1.0
29.800000000000001,-0.0,-35.75,0.0,40.079999999999998,0.0,-41.869999999999997,-0.0,41.590000000000003,-0.0,-46.579999999999998,0.0,56.259999999999998,-4.0300000000000011,0.0,3.5499999999999972,0.0,-2.7999999999999972,0.0,-2.6200000000000045,0.0,1.6799999999999997,0.0,-1.8800000000000026,0.0,-1.5,0.90999999999999659,0.0,-3.1999999999999957,0.0,-3.3599999999999923,0.0,2.1299999999999955,0.0,9.1499999999999915,0.0,-8.4100000000000037,0.0,-2.5999999999999943,1.0
27.129999999999999,-0.0,-34.810000000000002,0.0,37.960000000000001,0.0,-43.340000000000003,-0.0,45.490000000000002,-0.0,-50.609999999999999,0.0,54.950000000000003,-0.72000000000000242,0.0,-0.29999999999999716,0.0,-2.4499999999999957,0.0,-0.60000000000000142,0.0,4.9199999999999946,0.0,-4.6200000000000045,0.0,-1.5499999999999972,6.4800000000000004,0.0,-6.1599999999999966,0.0,2.3299999999999983,0.0,1.3600000000000065,0.0,-0.82999999999999829,0.0,2.3000000000000043,0.0,1.4899999999999949,1.0
29.079999999999998,-0.0,-36.049999999999997,0.0,37.630000000000003,0.0,-42.469999999999999,-0.0,46.509999999999998,-0.0,-51.200000000000003,0.0,54.710000000000001,2.4499999999999993,0.0,-2.6099999999999994,0.0,-0.46999999999999886,0.0,-1.259999999999998,0.0,0.85000000000000142,0.0,0.42000000000000171,0.0,-0.010000000000005116,-1.5399999999999956,0.0,-2.4100000000000037,0.0,0.54999999999999005,0.0,-0.21000000000000085,0.0,-6.3599999999999923,0.0,6.1800000000000068,0.0,2.4499999999999957,1.0
29.579999999999998,-0.0,-37.420000000000002,0.0,37.490000000000002,0.0,-44.600000000000001,-0.0,46.340000000000003,-0.0,-50.189999999999998,0.0,54.939999999999998,-2.259999999999998,0.0,-2.7100000000000009,0.0,-1.9000000000000057,0.0,-0.81000000000000227,0.0,-1.4399999999999977,0.0,1.5600000000000023,0.0,0.89999999999999858,-3.6499999999999986,0.0,4.7199999999999989,0.0,-0.71000000000000085,0.0,3.5700000000000003,0.0,-1.9400000000000048,0.0,-0.60000000000000142,0.0,-0.39999999999999147,1.0
26.82,-0.0,-38.759999999999998,0.0,35.729999999999997,0.0,-43.280000000000001,-0.0,45.07,-0.0,-49.640000000000001,0.0,55.609999999999999,-1.1999999999999993,0.0,2.1099999999999994,0.0,-1.1799999999999997,0.0,2.3100000000000023,0.0,-1.0900000000000034,0.0,-0.17999999999999972,0.0,-0.40999999999999659,5.8599999999999994,0.0,9.0499999999999972,0.0,1.4400000000000119,0.0,1.220000000000006,0.0,0.62999999999999545,0.0,-1.1400000000000006,0.0,-3.7999999999999972,1.0
28.379999999999999,-0.0,-35.310000000000002,0.0,36.310000000000002,0.0,-42.289999999999999,-0.0,45.25,-0.0,-50.369999999999997,0.0,54.530000000000001,3.6000000000000014,0.0,6.3399999999999963,0.0,-0.45999999999999375,0.0,0.41000000000000369,0.0,-0.81000000000000227,0.0,0.42000000000000171,0.0,-2.8999999999999986,-0.53999999999999915,0.0,-0.18999999999999773,0.0,1.3200000000000003,0.0,-4.4000000000000057,0.0,1.8100000000000023,0.0,-0.090000000000003411,0.0,-0.88000000000000256,1.0
30.420000000000002,-0.0,-32.420000000000002,0.0,35.270000000000003,0.0,-42.869999999999997,-0.0,44.259999999999998,-0.0,-49.219999999999999,0.0,52.710000000000001,-1.7399999999999984,0.0,1.9200000000000017,0.0,0.14000000000000057,0.0,-2.0900000000000034,0.0,0.71999999999999886,0.0,-0.27000000000000313,0.0,-1.2899999999999991,-7.7500000000000036,0.0,-9.3599999999999923,0.0,2.1599999999999895,0.0,-1.7400000000000091,0.0,2.8600000000000065,0.0,-1.740000000000002,0.0,4.5799999999999983,1.0
26.640000000000001,-0.0,-33.390000000000001,0.0,36.450000000000003,0.0,-44.380000000000003,-0.0,45.969999999999999,-0.0,-50.640000000000001,0.0,53.240000000000002,-4.1500000000000021,0.0,-3.019999999999996,0.0,1.6999999999999957,0.0,-1.3300000000000054,0.0,2.0500000000000043,0.0,-1.3200000000000003,0.0,1.6799999999999997,3.3299999999999983,0.0,-3.8700000000000045,0.0,0.89999999999999858,0.0,3.6600000000000037,0.0,0.37000000000000455,0.0,-0.97999999999999687,0.0,2.0999999999999943,1.0
26.27,-0.0,-35.439999999999998,0.0,36.969999999999999,0.0,-44.200000000000003,-0.0,46.310000000000002,-0.0,-50.539999999999999,0.0,54.390000000000001,1.5899999999999999,0.0,-1.9500000000000028,0.0,1.0399999999999991,0.0,1.5700000000000003,0.0,1.0900000000000034,0.0,-1.25,0.0,0.80999999999999517,6.7200000000000024,0.0,2.4699999999999918,0.0,-1.8899999999999935,0.0,2.7500000000000071,0.0,-1.8500000000000085,0.0,0.57000000000000028,0.0,-2.7199999999999989,1.0
28.23,-0.0,-35.340000000000003,0.0,37.490000000000002,0.0,-42.810000000000002,-0.0,47.060000000000002,-0.0,-51.890000000000001,0.0,54.049999999999997,2.5700000000000003,0.0,-0.55000000000000426,0.0,-0.18999999999999773,0.0,1.4200000000000017,0.0,0.19999999999999574,0.0,-0.75,0.0,-1.0399999999999991,1.5799999999999983,0.0,2.1900000000000048,0.0,-0.10000000000000142,0.0,-2.1299999999999955,0.0,-2.0700000000000074,0.0,2.1000000000000014,0.0,-1.0799999999999912,1.0
28.84,-0.0,-35.990000000000002,0.0,36.780000000000001,0.0,-42.780000000000001,-0.0,46.509999999999998,-0.0,-51.289999999999999,0.0,53.350000000000001,3.1699999999999982,0.0,0.24000000000000199,0.0,0.93999999999999773,0.0,-0.55999999999999517,0.0,-0.98000000000000398,0.0,0.85000000000000142,0.0,-0.26999999999999602,0.079999999999998295,0.0,0.91000000000000369,0.0,2.1699999999999946,0.0,-3.5799999999999983,0.0,-0.48999999999999488,0.0,1.3100000000000023,0.0,1.769999999999996,1.0
31.399999999999999,-0.0,-35.100000000000001,0.0,38.43,0.0,-43.369999999999997,-0.0,46.079999999999998,-0.0,-51.039999999999999,0.0,53.780000000000001,2.6499999999999986,0.0,0.35999999999999943,0.0,1.9799999999999969,0.0,-2.1599999999999966,0.0,-0.28999999999999915,0.0,0.56000000000000227,0.0,0.72999999999999687,-2.9599999999999973,0.0,-2.0399999999999991,0.0,-0.87999999999999545,0.0,0.13999999999999346,0.0,2.7900000000000063,0.0,-1.9600000000000009,0.0,1.509999999999998,1.0
31.489999999999998,-0.0,-35.630000000000003,0.0,38.759999999999998,0.0,-44.939999999999998,-0.0,46.219999999999999,-0.0,-50.729999999999997,0.0,54.079999999999998,0.21000000000000085,0.0,-1.7999999999999972,0.0,0.060000000000002274,0.0,-0.42000000000000171,0.0,1.8100000000000023,0.0,-1.1099999999999994,0.0,1.240000000000002,-4.9799999999999969,0.0,-0.45999999999999375,0.0,-1.1899999999999977,0.0,3.0899999999999963,0.0,1.6400000000000006,0.0,-1.5400000000000063,0.0,0.17000000000000171,1.0
31.609999999999999,-0.0,-36.899999999999999,0.0,38.490000000000002,0.0,-43.789999999999999,-0.0,47.890000000000001,-0.0,-52.149999999999999,0.0,55.020000000000003,-2.3299999999999983,0.0,-0.099999999999994316,0.0,0.78999999999999915,0.0,0.92999999999999972,0.0,1.3500000000000014,0.0,-0.98000000000000398,0.0,0.89999999999999858,1.6199999999999974,0.0,3.7499999999999929,0.0,0.34999999999999432,0.0,1.1799999999999997,0.0,-1.6200000000000045,0.0,1.5700000000000003,0.0,-2.6200000000000045,1.0
29.16,-0.0,-35.729999999999997,0.0,39.549999999999997,0.0,-44.009999999999998,-0.0,47.57,-0.0,-51.710000000000001,0.0,54.979999999999997,1.8299999999999983,0.0,1.9499999999999957,0.0,0.40999999999999659,0.0,0.75999999999999801,0.0,0.18999999999999773,0.0,0.46000000000000085,0.0,-1.3800000000000026,7.5599999999999987,0.0,1.9699999999999918,0.0,-0.22999999999999687,0.0,-0.35000000000000142,0.0,-1.7700000000000031,0.0,1.3800000000000026,0.0,-1.509999999999998,1.0
33.439999999999998,-0.0,-34.950000000000003,0.0,38.899999999999999,0.0,-43.030000000000001,-0.0,48.079999999999998,-0.0,-51.689999999999998,0.0,53.640000000000001,5.2300000000000004,0.0,1.8699999999999974,0.0,0.56000000000000227,0.0,0.57999999999999829,0.0,-0.42000000000000171,0.0,0.39999999999999858,0.0,-0.60999999999999943,-1.0599999999999952,0.0,4.1800000000000068,0.0,0.38000000000000256,0.0,-0.019999999999996021,0.0,-2.7199999999999989,0.0,0.69999999999999574,0.0,1.75,1.0
34.390000000000001,-0.0,-33.859999999999999,0.0,40.109999999999999,0.0,-43.43,-0.0,47.149999999999999,-0.0,-51.310000000000002,0.0,54.369999999999997,0.77000000000000313,0.0,6.1300000000000026,0.0,0.78999999999999915,0.0,0.74000000000000199,0.0,-2.5300000000000011,0.0,1.1599999999999966,0.0,0.36999999999999744,-7.2399999999999984,0.0,5.4600000000000009,0.0,-2.3800000000000026,0.0,1.0500000000000043,0.0,0.28000000000000114,0.0,-0.45999999999999375,0.0,-0.87999999999999545,1.0
34.210000000000001,-0.0,-28.82,0.0,39.689999999999998,0.0,-42.289999999999999,-0.0,45.549999999999997,-0.0,-50.530000000000001,0.0,54.009999999999998,-2.009999999999998,0.0,7.3299999999999983,0.0,-1.8200000000000003,0.0,1.6300000000000026,0.0,-0.14000000000000057,0.0,-0.059999999999995168,0.0,-1.4899999999999949,-2.9400000000000048,0.0,-7.8000000000000007,0.0,-0.34999999999999432,0.0,3.8499999999999943,0.0,4.730000000000004,0.0,-2.2299999999999969,0.0,-0.53999999999999204,1.0
32.380000000000003,-0.0,-26.530000000000001,0.0,38.289999999999999,0.0,-41.799999999999997,-0.0,47.009999999999998,-0.0,-51.369999999999997,0.0,52.880000000000003,-2.1700000000000017,0.0,-1.6699999999999982,0.0,0.44000000000000483,0.0,4.5899999999999963,0.0,2.2000000000000028,0.0,-1.0700000000000003,0.0,-0.1699999999999946,2.0999999999999943,0.0,-12.129999999999995,0.0,4.5799999999999983,0.0,0.079999999999991189,0.0,1.9600000000000009,0.0,-0.67000000000000881,0.0,3.2099999999999937,1.0
32.039999999999999,-0.0,-30.489999999999998,0.0,40.130000000000003,0.0,-37.700000000000003,-0.0,47.75,-0.0,-51.600000000000001,0.0,53.840000000000003,0.089999999999996305,0.0,-4.7999999999999972,0.0,2.759999999999998,0.0,1.7099999999999937,0.0,1.8200000000000003,0.0,-0.73000000000000398,0.0,1.7199999999999989,-1.1999999999999957,0.0,-0.8300000000000054,0.0,-1.3900000000000077,0.0,-8.3699999999999903,0.0,-1.9100000000000037,0.0,1.1499999999999986,0.0,0.62999999999998835,1.0
32.469999999999999,-0.0,-31.329999999999998,0.0,41.049999999999997,0.0,-40.090000000000003,-0.0,48.829999999999998,-0.0,-52.100000000000001,0.0,54.600000000000001,-3.3699999999999974,0.0,-2.5000000000000036,0.0,-0.95000000000000284,0.0,-3.779999999999994,0.0,0.28999999999999915,0.0,0.079999999999998295,0.0,0.45999999999999375,-0.98999999999999488,0.0,0.74999999999999289,0.0,-5.5999999999999943,0.0,-3.4199999999999875,0.0,-2.5399999999999991,0.0,0.53000000000000824,0.0,-1.4200000000000017,1.0
28.670000000000002,-0.0,-32.990000000000002,0.0,39.18,0.0,-41.479999999999997,-0.0,48.039999999999999,-0.0,-51.520000000000003,0.0,54.299999999999997,-0.89999999999999858,0.0,-4.0500000000000043,0.0,-2.8399999999999963,0.0,-1.7099999999999937,0.0,-0.71999999999999886,0.0,-0.19999999999999574,0.0,0.29999999999999716,6.8099999999999952,0.0,0.36000000000000298,0.0,0.10000000000000142,0.0,2.5799999999999912,0.0,-2.5300000000000011,0.0,1.0000000000000071,0.0,-0.13999999999999346,1.0
31.57,-0.0,-35.380000000000003,0.0,38.210000000000001,0.0,-41.799999999999997,-0.0,48.109999999999999,-0.0,-52.299999999999997,0.0,54.899999999999999,3.4399999999999977,0.0,-2.1400000000000006,0.0,-0.85000000000000142,0.0,-1.2000000000000028,0.0,-2.240000000000002,0.0,1.0800000000000054,0.0,0.32000000000000028,-0.010000000000001563,0.0,3.7400000000000091,0.0,2.039999999999992,0.0,2.2499999999999929,0.0,-2.490000000000002,0.0,3.5499999999999901,0.0,-1.1299999999999955,1.0
32.109999999999999,-0.0,-35.130000000000003,0.0,38.329999999999998,0.0,-42.68,-0.0,45.799999999999997,-0.0,-50.439999999999998,0.0,54.619999999999997,-0.91000000000000014,0.0,-0.30999999999999517,0.0,-0.80000000000000426,0.0,0.53999999999999915,0.0,-3.2100000000000009,0.0,3.3499999999999943,0.0,-0.82999999999999829,-6.7799999999999976,0.0,1.990000000000002,0.0,-0.12999999999999545,0.0,1.25,0.0,2.1000000000000014,0.0,-0.010000000000005116,0.0,-1.4399999999999977,1.0
30.66,-0.0,-35.689999999999998,0.0,37.409999999999997,0.0,-41.259999999999998,-0.0,44.899999999999999,-0.0,-48.950000000000003,0.0,54.07,-3.3399999999999999,0.0,-0.14999999999999858,0.0,-0.97999999999999687,0.0,0.049999999999997158,0.0,-0.14000000000000057,0.0,1.0700000000000003,0.0,-1.1199999999999974,-2.0899999999999999,0.0,4.2599999999999945,0.0,1.0200000000000102,0.0,-3.2700000000000031,0.0,4.5,0.0,-4.3899999999999935,0.0,-0.67000000000000171,1.0
28.77,-0.0,-35.280000000000001,0.0,37.350000000000001,0.0,-42.630000000000003,-0.0,45.659999999999997,-0.0,-49.369999999999997,0.0,53.5,-3.0,0.0,3.9499999999999993,0.0,0.22000000000000597,0.0,-2.730000000000004,0.0,1.2899999999999991,0.0,-1.0399999999999991,0.0,-1.5,5.0899999999999999,0.0,6.7100000000000009,0.0,-0.31000000000000227,0.0,-1.289999999999992,0.0,1.7900000000000063,0.0,-2.8500000000000014,0.0,-0.28000000000000114,1.0
27.66,-0.0,-31.739999999999998,0.0,37.630000000000003,0.0,-43.990000000000002,-0.0,46.189999999999998,-0.0,-49.990000000000002,0.0,52.57,1.75,0.0,6.5600000000000023,0.0,-1.2899999999999991,0.0,-1.2399999999999949,0.0,1.6500000000000057,0.0,-1.7800000000000011,0.0,-1.3999999999999986,5.7699999999999996,0.0,-5.0799999999999983,0.0,0.34999999999999432,0.0,3.1500000000000057,0.0,-1.3899999999999935,0.0,0.67999999999999972,0.0,2.759999999999998,1.0
30.52,-0.0,-28.719999999999999,0.0,36.060000000000002,0.0,-43.869999999999997,-0.0,47.310000000000002,-0.0,-51.149999999999999,0.0,52.100000000000001,2.7699999999999996,0.0,-1.129999999999999,0.0,0.57000000000000028,0.0,0.42000000000000171,0.0,-0.099999999999994316,0.0,-0.35999999999999943,0.0,1.259999999999998,-0.98999999999999844,0.0,-12.030000000000001,0.0,4.0999999999999943,0.0,2.6799999999999926,0.0,-2.3100000000000094,0.0,2.509999999999998,0.0,3.3999999999999986,1.0
30.43,-0.0,-32.869999999999997,0.0,38.200000000000003,0.0,-43.57,-0.0,46.090000000000003,-0.0,-50.350000000000001,0.0,53.829999999999998,0.76000000000000156,0.0,-5.4699999999999989,0.0,2.8099999999999952,0.0,1.4399999999999977,0.0,-0.66000000000000369,0.0,0.72999999999999687,0.0,2.0,-0.73999999999999844,0.0,-2.7100000000000044,0.0,-1.4299999999999997,0.0,2.0300000000000011,0.0,1.6999999999999886,0.0,-0.17000000000000171,0.0,-0.38999999999999346,1.0
31.280000000000001,-0.0,-34.189999999999998,0.0,38.869999999999997,0.0,-42.43,-0.0,46.649999999999999,-0.0,-50.420000000000002,0.0,54.100000000000001,2.0300000000000011,0.0,-3.8400000000000034,0.0,-0.85999999999999943,0.0,2.4500000000000028,0.0,1.5999999999999943,0.0,-0.53000000000000114,0.0,0.87000000000000455,0.68999999999999417,0.0,5.029999999999994,0.0,-5.0499999999999901,0.0,-0.98999999999999488,0.0,1.0900000000000034,0.0,-0.57999999999999829,0.0,-1.6099999999999994,1.0
32.460000000000001,-0.0,-36.710000000000001,0.0,37.340000000000003,0.0,-41.119999999999997,-0.0,47.689999999999998,-0.0,-50.880000000000003,0.0,54.700000000000003,1.4499999999999957,0.0,-0.44000000000000483,0.0,-2.2399999999999949,0.0,0.45000000000000284,0.0,0.42999999999999972,0.0,0.14999999999999858,0.0,0.39000000000000057,-6.8000000000000007,0.0,6.4300000000000068,0.0,2.1699999999999946,0.0,-4.1700000000000088,0.0,-3.3299999999999912,0.0,2.0100000000000051,0.0,-0.47000000000000597,1.0
32.729999999999997,-0.0,-34.630000000000003,0.0,36.630000000000003,0.0,-41.979999999999997,-0.0,47.079999999999998,-0.0,-50.270000000000003,0.0,54.490000000000002,-4.7699999999999996,0.0,2.5900000000000034,0.0,1.3099999999999952,0.0,-1.720000000000006,0.0,-1.7299999999999969,0.0,1.480000000000004,0.0,0.39999999999999858,-4.5799999999999912,0.0,-1.1699999999999946,0.0,5.8099999999999952,0.0,-0.74000000000000909,0.0,-1.75,0.0,-0.29999999999999716,0.0,1.029999999999994,1.0
27.690000000000001,-0.0,-34.119999999999997,0.0,38.649999999999999,0.0,-42.840000000000003,-0.0,45.960000000000001,-0.0,-49.399999999999999,0.0,55.100000000000001,-3.1299999999999955,0.0,-1.6099999999999994,0.0,3.5700000000000003,0.0,-0.29000000000000625,0.0,-1.3200000000000003,0.0,-0.14999999999999858,0.0,1.4199999999999946,9.8299999999999983,0.0,-4.9500000000000028,0.0,-0.29999999999999716,0.0,4.0900000000000105,0.0,3.0899999999999963,0.0,-3.8300000000000054,0.0,0.0,1.0
29.600000000000001,-0.0,-36.240000000000002,0.0,40.200000000000003,0.0,-42.270000000000003,-0.0,45.759999999999998,-0.0,-50.420000000000002,0.0,55.909999999999997,5.0599999999999987,0.0,-2.3599999999999994,0.0,1.009999999999998,0.0,2.3700000000000045,0.0,1.3599999999999994,0.0,-2.3500000000000014,0.0,0.39999999999999858,3.0799999999999947,0.0,2.3400000000000034,0.0,-4.6799999999999997,0.0,2.1900000000000119,0.0,2.3800000000000026,0.0,-1.0899999999999963,0.0,-2.8399999999999892,1.0
32.75,-0.0,-36.479999999999997,0.0,39.659999999999997,0.0,-40.469999999999999,-0.0,47.32,-0.0,-51.75,0.0,55.5,-0.050000000000000711,0.0,0.73000000000000398,0.0,-1.1099999999999994,0.0,1.9000000000000057,0.0,1.0600000000000023,0.0,-1.2399999999999949,0.0,-1.4199999999999946,-8.9299999999999997,0.0,7.9899999999999949,0.0,0.82000000000000739,0.0,-2.460000000000008,0.0,-3.009999999999998,0.0,3.8900000000000006,0.0,-0.97999999999999687,1.0
29.550000000000001,-0.0,-35.509999999999998,0.0,39.090000000000003,0.0,-40.369999999999997,-0.0,46.82,-0.0,-51.659999999999997,0.0,54.490000000000002,-3.870000000000001,0.0,5.6299999999999955,0.0,1.8300000000000054,0.0,-0.090000000000003411,0.0,-1.6499999999999986,0.0,1.5399999999999991,0.0,-0.57999999999999829,0.030000000000001137,0.0,2.9799999999999933,0.0,4.019999999999996,0.0,-3.1000000000000085,0.0,-0.19000000000000483,0.0,0.77999999999999403,0.0,2.4199999999999946,1.0
28.879999999999999,-0.0,-30.850000000000001,0.0,41.490000000000002,0.0,-40.560000000000002,-0.0,45.670000000000002,-0.0,-50.210000000000001,0.0,54.920000000000002,-0.019999999999999574,0.0,3.7099999999999973,0.0,2.9099999999999966,0.0,-1.2000000000000028,0.0,0.86999999999999744,0.0,-0.46000000000000085,0.0,1.0,5.2500000000000036,0.0,-6.6699999999999946,0.0,-3.8300000000000054,0.0,-3.8899999999999935,0.0,4.1499999999999986,0.0,-3.7299999999999969,0.0,-0.060000000000002274,1.0
29.530000000000001,-0.0,-31.800000000000001,0.0,42.0,0.0,-41.57,-0.0,47.689999999999998,-0.0,-52.119999999999997,0.0,55.490000000000002,1.3800000000000026,0.0,-1.0399999999999991,0.0,-2.0,0.0,-3.9799999999999969,0.0,2.5,0.0,-2.1899999999999977,0.0,-0.64000000000000057,-0.86000000000000298,0.0,-3.5599999999999952,0.0,-5.6799999999999997,0.0,-0.92999999999999972,0.0,-3.8199999999999932,0.0,3.019999999999996,0.0,-2.2899999999999991,1.0
30.260000000000002,-0.0,-31.890000000000001,0.0,39.490000000000002,0.0,-44.539999999999999,-0.0,48.170000000000002,-0.0,-52.399999999999999,0.0,54.280000000000001,-0.88000000000000256,0.0,0.15000000000000213,0.0,-2.7700000000000031,0.0,-2.1300000000000026,0.0,-2.9499999999999957,0.0,2.5599999999999952,0.0,-1.2899999999999991,-2.3400000000000034,0.0,1.25,0.0,-0.27000000000000313,0.0,5.4899999999999949,0.0,-7.6700000000000017,0.0,6.519999999999996,0.0,-0.42999999999999972,1.0
28.649999999999999,-0.0,-31.649999999999999,0.0,39.229999999999997,0.0,-43.700000000000003,-0.0,44.740000000000002,-0.0,-49.560000000000002,0.0,54.200000000000003,-0.96000000000000085,0.0,0.21000000000000085,0.0,-2.2700000000000031,0.0,1.509999999999998,0.0,-5.1700000000000017,0.0,4.3299999999999983,0.0,-1.0700000000000003,3.5200000000000031,0.0,-0.31000000000000227,0.0,3.5900000000000034,0.0,5.0200000000000031,0.0,1.8499999999999943,0.0,-1.6299999999999955,0.0,1.0699999999999932,1.0
